"","Regierungsprogramm_2020.txt"
"verantwortung",35
"österreich",505
"präambel",2
"staat",18
"gesellschaft",30
"transparenz",43
"verfassung",5
"verwaltung",47
"justiz",20
"konsumentenschutz",7
"kunst",33
"kultur",24
"medien",12
"sport",30
"europa",42
"integration",51
"migration",25
"sicherheit",55
"welt",24
"asyl",11
"innere",2
"landesverteidigung",9
"krisen",13
"katastrophenschutz",6
"wirtschaft",59
"finanzen",12
"soziale",28
"neue",70
"gerechtigkeit",5
"armutsbekämpfung",12
"budget",3
"steuerreform",8
"entlastung",21
"pflege",30
"standort",18
"entbürokratisierung",17
"modernisierung",29
"epus",5
"kmus",20
"pensionen",3
"arbeit",41
"gesundheit",23
"klimaschutz",40
"infrastruktur",30
"umwelt",24
"landwirtschaft",27
"energie",18
"verkehr",29
"frauen",60
"menschen",108
"behinderungen",13
"inklusion",12
"familie",8
"jugend",4
"bildung",45
"wissenschaft",26
"forschung",48
"digitalisierung",63
"naturschutz",4
"tierschutz",4
"ländlicher",6
"raum",23
"tourismus",32
"innovation",26
"fahne",277
"land",48
"natur",8
"landschaft",3
"vielfalt",9
"getragen",2
"innovativen",10
"herzen",2
"europas",11
"gebaut",2
"demokratischen",13
"engagement",21
"bürgerinnen",36
"bürger",29
"all",9
"macht",6
"eröffnet",2
"chancen",17
"zukunft",57
"gerade",9
"politisch",4
"wirtschaftlich",4
"global",5
"zeiten",3
"nützen",5
"heißt",6
"wege",12
"gehen",6
"kommenden",12
"fünf",4
"jahre",29
"trägt",7
"bewusstsein",7
"beiden",3
"unterschiedlich",2
"gemeinsam",27
"schultern",3
"neuen",46
"lösungen",9
"großen",15
"herausforderungen",60
"geschichte",3
"unsere",32
"tradition",2
"gründung",8
"republik",6
"heute",9
"ordnung",3
"verändert",2
"zeit",22
"bereits",28
"ersten",13
"auswirkungen",14
"klimakrise",8
"braucht",34
"regierung",4
"fragen",18
"unserer",42
"angeht",2
"setzen",34
"starkes",2
"wesentlichen",5
"unseres",17
"kontinents",2
"müssen",51
"europäischen",78
"außengrenzen",3
"schützen",11
"sicherstellen",37
"frieden",5
"leben",33
"rahmenbedingungen",74
"erhalten",26
"verbessern",24
"unternehmen",86
"unseren",10
"wohlstand",6
"schaffen",59
"steuern",8
"bürokratie",9
"entlastet",4
"gleichzeitig",16
"soziales",2
"netz",13
"gestärkt",15
"helfen",3
"gemacht",6
"unterschiede",3
"überwinden",2
"stadt",9
"einander",2
"nötige",5
"stabilität",5
"geben",13
"volkspartei",4
"grünen",8
"österreichischen",127
"weges",3
"übernehmen",9
"erste",3
"generation",5
"folgen",4
"schutz",58
"starke",6
"dürfen",10
"widerspruch",4
"wirtschaftsstandort",9
"bessere",27
"jobs",4
"nachhaltigkeit",14
"investieren",6
"bewahren",3
"bekämpfen",10
"beides",3
"generationen",5
"ökonomisch",3
"ökologisch",9
"dabei",55
"ausgeglichenen",2
"achten",7
"immer",13
"bedeutung",24
"einfluss",4
"droht",2
"bedrohungen",8
"öffentliche",36
"österreichische",47
"fortsetzen",7
"trennende",2
"finden",4
"chance",6
"politische",10
"klima",31
"vertrauen",9
"politik",14
"institutionen",17
"rechtsstaat",6
"demokratie",17
"werte",10
"traditionen",2
"bilden",8
"fundament",4
"vertrauens",5
"gilt",27
"spürbare",2
"außerdem",4
"echte",3
"chancengleichheit",2
"respekt",3
"gemeinsamen",19
"regeln",15
"aktiv",18
"einsetzt",2
"einbringen",3
"bekämpfung",37
"positiven",8
"errungenschaften",3
"landes",4
"letztlich",2
"identität",4
"zuwanderung",5
"erfolgt",19
"entlang",11
"erfordernissen",2
"klaren",13
"daher",46
"konsequenten",6
"kurs",2
"bereich",107
"voraussetzung",15
"gelingende",3
"erlernen",3
"deutschen",4
"sprache",7
"rasche",23
"selbsterhaltungsfähigkeit",2
"rechts",5
"werteordnung",3
"trennung",9
"religion",2
"gleichstellung",17
"geschlechter",3
"ablehnung",3
"form",16
"gewalt",28
"entsprechenden",14
"konsequenzen",3
"rechnen",2
"wer",6
"rechtsordnung",2
"hält",2
"basis",60
"gemeinsame",41
"dafür",50
"ziele",27
"definiert",4
"politischen",20
"klimawandels",5
"einhaltung",30
"klimaziele",21
"paris",3
"nachhaltigen",23
"wettbewerbsfähigen",4
"konsequenter",3
"d",4
"ie",2
"beste",6
"nachhaltige",40
"investitionen",25
"haushalt",3
"notwendige",16
"m",4
"öffentlichen",75
"programm",7
"gegenüber",14
"guten",5
"miteinander",6
"situation",3
"kraft",3
"sinne",46
"österreicherinnen",9
"österreicher",8
"vorreiter",11
"union",18
"globalen",5
"gemeinschaft",5
"bundesregierung",144
"stärken",76
"position",7
"österreichs",66
"konflikten",2
"vorbild",14
"zusammen",2
"staatliches",2
"handeln",9
"aufgrund",12
"bundesverfassung",3
"gegeben",4
"letzten",11
"monate",7
"jahren",18
"geltung",2
"solide",2
"bildet",4
"vorhandenen",3
"hintergrund",9
"neuer",30
"weiterentwickeln",17
"menschenrechte",19
"gute",16
"grundlage",24
"dienste",5
"bevölkerung",29
"unserem",7
"tätig",6
"effizienten",11
"nachhaltig",11
"serviceorientiert",2
"agierenden",2
"sektor",7
"ziel",134
"arbeiten",9
"enger",10
"kooperation",33
"öffentlich",10
"bediensteten",4
"sichergestellt",14
"hohe",8
"qualität",28
"leistungen",13
"bürgern",8
"künftig",13
"niederschwellig",3
"verfügung",23
"gestellt",7
"vereinfacht",5
"wesentlich",6
"rechtssicherheit",21
"bürgernähe",2
"aufgabenteilung",4
"staatlichen",9
"ebenen",7
"förderwesen",4
"insgesamt",7
"gläsernen",2
"verlassen",4
"zeitgemäße",6
"umzusetzen",10
"faktor",4
"zeitgemäß",4
"modernisieren",9
"vollständige",5
"parteien",6
"herstellen",2
"fördern",50
"funktionierenden",3
"möglich",33
"nötig",7
"grundprinzip",4
"fühlen",3
"verpflichtet",4
"modernen",13
"bund",41
"ländern",52
"gemeinden",47
"entscheidend",2
"funktionieren",3
"staates",5
"höhe",3
"einführung",66
"vergleichbaren",2
"grundlagen",18
"innerhalb",27
"jeweiligen",11
"gebietskörperschaften",17
"vorarbeiten",4
"fortgesetzte",2
"verhandlung",3
"weitere",31
"reduktion",41
"doppelgleisigkeiten",8
"schaffung",123
"fairen",5
"finanzausgleich",7
"ermöglichen",62
"prüfung",191
"städten",3
"art",18
"kommunale",2
"dienstleistungen",11
"deshalb",13
"zuständigkeiten",12
"klar",9
"verfassungsrechtlichen",3
"bundesländern",24
"effizienz",17
"kooperationen",11
"stärker",15
"genutzt",7
"abschaffung",8
"ausarbeitung",18
"zeitgemäßen",7
"kompetenzrahmens",2
"einschließlich",8
"möglichkeit",59
"15ab-vg-vereinbarungen",2
"erreichung",28
"steigerung",18
"15a-vereinbarungen",3
"möglichkeiten",33
"mögliche",18
"bestehender",34
"nächsten",12
"os",3
"kommunalen",2
"grundversorgung",5
"transparente",13
"verordnungen",5
"ris",4
"bekenntnis",36
"erhalt",27
"rahmen",86
"geltenden",4
"vorprüfung",2
"erfassung",8
"finanziellen",14
"mitteln",12
"bestellung",3
"mitglied",3
"bestehende",29
"vereinbarungen",4
"hinblick",29
"hinterfragt",2
"verstärkte",50
"one-stop-shops",4
"unternehmerinnen",8
"unternehmer",5
"forcierung",34
"vollkonzentration",2
"wahrung",19
"uvp-g",3
"bundesstraßen",2
"regelungen",26
"volksanwaltschaft",5
"stärkung",167
"ausstattung",16
"bedarfsgerechten",4
"ressourcen",31
"hinsichtlich",23
"abwicklung",12
"weiterentwicklung",138
"datenschutzrechtlichen",4
"grundrechtsschutzes",3
"ausweitung",39
"dsg",2
"verfahren",30
"unternehmensgröße",2
"analog",9
"regelung",20
"digitalsteuer",2
"mittel",30
"fag",7
"zudem",5
"gekoppelt",4
"zielorientiert",2
"strategischer",4
"erarbeiten",12
"konkrete",6
"zuordnung",4
"ergebnisse",10
"bestmögliche",13
"zusammenführung",13
"bezüglich",4
"finanzierung",35
"kriterien",26
"entscheidungs",2
"bundesweite",5
"planungs",2
"festlegung",8
"einheitlicher",6
"wirkungsziele",2
"einklang",14
"maßnahmen",162
"indikatoren",4
"deren",28
"messung",3
"klarer",18
"verantwortlichkeiten",2
"autonomie",8
"länder",20
"wichtig",7
"aufgabe",14
"sollen",107
"höherer",2
"finanzieller",7
"erfordernisse",3
"lage",5
"betreuungsbedarf",2
"zentraler",4
"funktionen",3
"bekommen",3
"bezug",11
"eu",50
"klimaschutzziele",2
"stärkere",24
"beim",37
"öpnv",4
"ökologisierung",15
"wohnbauförderung",6
"dekarbonisierung",10
"sanktionen",11
"finanzausgleichs",6
"reform",35
"strukturen",12
"wirksamkeit",4
"volksgruppen",10
"erweiterung",26
"orf",6
"iii",3
"bestimmungen",14
"u.a",42
"topographie",2
"berücksichtigung",100
"anerkannten",6
"volksgruppenförderung",2
"erhöhung",56
"absicherung",37
"eigenen",15
"je",2
"volksgruppe",2
"bekennt",49
"gesprächen",4
"nötigen",8
"qualitätssicherung",18
"bereitzustellen",2
"errichtung",15
"erhaltung",7
"förderung",87
"zwei",3
"mehrsprachiger",3
"kindergärten",9
"sonstiger",2
"betreuungsangebote",2
"gewährleistet",9
"einrichtung",34
"arbeitsgruppe",10
"einbeziehung",43
"volksgruppensprachen",3
"virtuellen",2
"amtssprache",2
"f",11
"g",3
"kommen",13
"bezirksgerichtsbarkeit",2
"zweisprachigen",2
"gebiet",4
"sicherzustellen",28
"gleichberechtigter",2
"teil",15
"bleibt",6
"stärkeren",10
"sichtbarmachung",3
"sicherstellung",55
"entsprechend",15
"öffentlich-rechtlichen",7
"verpflichtungen",9
"anerkennung",10
"grund",10
"wiederaufnahme",2
"erarbeitung",44
"umfassenden",14
"einheitlichen",19
"katalogs",2
"initiativen",23
"internationaler",34
"ebene",64
"einsetzen",18
"wirksam",8
"problemen",2
"künstliche",5
"intelligenz",6
"rechtsstaatlichkeit",10
"entstehen",7
"verankerung",22
"menschenwürde",3
"mitgliedschaft",3
"ende",14
"dezember",3
"entwicklung",95
"internationalen",36
"menschenrechtsschutzes",4
"beitragen",9
"einsatz",89
"europäischer",52
"emrk",2
"ganzheitlichen",4
"strategie",28
"verhütung",6
"formen",9
"antisemitismus",12
"kinderrechte",2
"evaluierung",121
"bvg",2
"rassismus",10
"extremismus",17
"führen",12
"interministeriellen",4
"umsetzung",127
"verantwortlich",5
"regulierung",5
"informations",5
"evaluiert",13
"falls",4
"notwendig",16
"reduzieren",18
"anlass",2
"aspekte",9
"orientiert",6
"deutschland",2
"niederlanden",2
"weiterer",12
"ausbau",134
"shared",5
"services",5
"grundsätzen",5
"wirtschaftlichkeit",4
"zweckmäßigkeit",5
"it-konsolidierung",2
"beteiligungsmanagement",2
"verbesserte",13
"bündelung",20
"koordinierung",11
"it",12
"vereinfachung",18
"konzepts",12
"liegenschaften",3
"eigentum",9
"bundes",55
"vereinfachen",14
"synergien",17
"big",2
"zugang",28
"önormen",2
"erleichtern",8
"wichtiger",15
"behörden",13
"erleichterung",10
"zugangs",11
"steigert",2
"erstellung",22
"tätigen",7
"verfahrensbeschleunigung",2
"effizienzsteigerung",7
"strukturierung",5
"nachbesserungen",2
"ermittlungsverfahrens",2
"technischen",7
"ermittlungs",2
"rechtsstaates",3
"fällen",3
"richter",7
"richterin",2
"entscheidung",11
"gesetzt",8
"bevor",3
"klarstellung",7
"stellen",19
"dienstrechts",3
"neu",17
"höhere",4
"durchlässigkeit",12
"privatwirtschaft",2
"eventuell",4
"anpassungen",6
"modells",8
"altersteilzeit",2
"beamtinnen",3
"beamte",5
"adäquate",7
"miteinbeziehung",4
"bevorstehenden",2
"bundesdienst",2
"strategische",13
"gewährleistung",12
"notwendigen",28
"wissenstransfers",3
"zivilgesellschaftlichen",7
"engagements",6
"organisationen",25
"weiterhin",33
"aktiven",15
"dialog",7
"respektvollen",2
"umgang",14
"ausreichend",10
"personal",22
"vertragliche",2
"rechtsschutzes",6
"bürokratieabbau",7
"planstellen",4
"vorantreiben",19
"temporäre",2
"verfügbarkeit",7
"spezialistinnen",2
"spezialisten",4
"technik",3
"umfassende",19
"ausübung",2
"tätigkeit",8
"ehrenamtliche",3
"zivilgesellschaftliches",2
"intensivierung",6
"grundausbildung",4
"weiterbildung",29
"dienst",12
"bewusstseinsbildung",4
"leistung",5
"wofür",2
"verwendet",3
"projekt",3
"einbindung",26
"ressorts",11
"ehrenamtlichen",4
"öffentlichkeit",2
"servicestelle",7
"ehrenamt",6
"problemstellungen",2
"arbeitsrechtlicher",2
"ehrenamtlich",2
"etablierung",31
"bundesweiten",6
"preises",2
"besonderes",13
"ehrenamtliches",7
"media",2
"nutzung",51
"social",9
"aufgefordert",2
"harmonisieren",2
"vorschriften",5
"einfacher",4
"gestaltet",4
"reduziert",4
"ansiedelung",2
"regionen",22
"insbesondere",125
"rechtsträger",2
"hand",23
"abbau",12
"kompetenzen",18
"heben",3
"eingehende",3
"modernes",5
"datenbanken",2
"transparenzdatenbank",2
"integrieren",2
"verbesserung",61
"datenqualität",2
"gesamthafte",5
"förderstrategie",2
"schwerpunkten",3
"zielen",9
"organisation",8
"fördergeber",2
"vergabe",10
"ökosozialen",4
"beschaffung",21
"beschlossenen",2
"fokus",46
"qualitätskriterien",4
"liegen",7
"regionalität",2
"verlängerung",5
"anhebung",10
"schwellenwerte",2
"regionalen",25
"briefwahlstimmen",2
"wahltag",3
"beibehaltung",24
"sämtlicher",4
"sodass",4
"ergebnis",3
"bereitgestellt",3
"wahlkommissionen",3
"eingesetzt",6
"betreffenden",3
"sollten",3
"möglichst",22
"gruppen",9
"erleichterungen",9
"briefwahl",3
"beantragung",2
"ausstellung",3
"individuell",2
"drei",4
"wochen",5
"wahl",2
"beantragen",3
"anschluss",4
"gemeinde",3
"stimme",5
"anzupassen",5
"beispielsweise",15
"wahlberechtigten",2
"selbstverständlich",5
"liefern",2
"bieten",8
"getrennter",2
"stimmen",2
"liegt",7
"versiegelte",2
"gestaltung",10
"anzahl",9
"senken",5
"postweg",3
"zumindest",8
"bestätigt",2
"barrierefreier",3
"elektronischen",4
"alternativen",11
"auflage",5
"bleiben",12
"verkleinerung",2
"bzgl",6
"abgabe",4
"mittels",7
"fremden",3
"wahllokal",2
"bisher",15
"zählt",6
"besonderen",7
"bedürfnissen",3
"betroffenen",22
"kammern",2
"wahlen",3
"transparenter",2
"gestalten",21
"missbrauch",4
"abgeltung",5
"vergangenheit",6
"wurden",11
"beschlüsse",4
"gefasst",3
"langfristiger",2
"auswirkung",4
"bundesbudget",2
"regulären",2
"prozess",11
"begutachtung",2
"geprüft",4
"nachhaltiges",3
"parlament",4
"prozesse",5
"gesetzgebungsverfahren",2
"nationalrat",3
"kontroll",2
"informationsfreiheit",2
"landesverwaltung",2
"geschaffene",2
"aufgaben",21
"aufhebung",2
"abs",9
"b-vg",3
"ausnahme",10
"recht",8
"pflicht",4
"organe",5
"gesetzgebung",3
"bundesverwaltung",2
"selbstverwaltung",2
"justizverwaltung",2
"informationen",18
"interesse",11
"einfachgesetzlich",2
"weise",5
"veröffentlichen",2
"studien",8
"gutachten",2
"verträge",2
"ab",35
"schwellenwert",2
"veröffentlichung",5
"frist",3
"geschäfts",2
"betriebsgeheimnissen",2
"sofern",6
"eu-recht",3
"zentralen",11
"unabhängig",13
"speicherung",2
"wegen",4
"vertraulichkeit",3
"beratungen",5
"derartige",2
"gesetzlich",6
"dokumenten",2
"soweit",4
"solange",4
"erforderlich",6
"daten",26
"außen",2
"integrationspolitischer",2
"nationalen",37
"aufrechterhaltung",9
"vorbereitung",5
"erheblicher",2
"wirtschaftlicher",5
"sonstigen",2
"laufender",6
"gerichts",2
"anlehnung",5
"übermittlung",4
"dokumente",3
"unverzüglich",3
"jedenfalls",10
"rechtsschutz",2
"entscheidungsfrist",2
"unabhängige",11
"datenschutzbehörde",3
"beratungs",3
"stehen",17
"parteiengesetz",2
"grundpfeiler",2
"rechnungshofs",4
"zusätzlich",11
"bestehenden",71
"befugnissen",2
"parteienförderung",2
"folgende",15
"kontrollrechte",2
"angestrebt",6
"rechnungshof",4
"erhält",2
"direkte",2
"konkreten",8
"feststellung",3
"vollständigkeit",2
"rechenschaftsberichts",7
"parteiengesetzes",4
"verletzung",3
"jederzeit",2
"prüfen",19
"legistische",3
"präzisierung",9
"spenden",4
"überprüfen",4
"gegebenenfalls",6
"rechtlich",4
"verbindlich",2
"mitgliedsbeiträge",2
"zuwendungen",2
"einzelnen",12
"spende",3
"meldepflichtigen",2
"sachspenden",2
"subventionen",3
"maximal",4
"euro",6
"einzelspenden",2
"spätestens",4
"nachvollziehbarkeit",2
"berufs",6
"interessenvertretungen",6
"offenlegung",3
"nahestehenden",3
"verhinderung",8
"anpassung",22
"begriffs",2
"vermeidung",18
"umgehungskonstruktionen",2
"beachtung",8
"empfehlungen",9
"verstöße",4
"gewissen",2
"grenze",2
"auslösen",2
"ausdehnung",4
"denen",25
"direkt",2
"beteiligt",2
"ausländischen",4
"natürlichen",4
"juristischen",2
"personen",18
"eurnicht",2
"spendenobergrenze",2
"analoge",2
"vorsehen",3
"rh",3
"inhalte",11
"neustrukturierung",2
"gliederung",4
"einnahmen",6
"ausgaben",2
"aufwendungen",2
"beteiligungen",6
"geldflüssen",2
"zusätzlicher",6
"ausweisung",5
"rechenschaftsbericht",2
"zusätzlichen",5
"kredite",3
"dritter",2
"angaben",2
"bank",2
"bekannt",2
"konkretisierung",2
"zwecke",3
"verpflichtung",11
"richtung",23
"umfang",2
"ähnlich",2
"firmenbuch",2
"inseraten",3
"festgelegt",4
"definierter",3
"wahlwerbungsausgaben",5
"sechs",3
"monaten",3
"jährlichen",10
"erhöhte",4
"strafen",7
"überschreitung",5
"über­",2
"schreitungsbetrages",2
"verstehen",3
"eingeführten",3
"registrierungspflicht",4
"anstatt",2
"erklärung",3
"partei",2
"vereine",9
"niedriger",2
"möglicher",4
"gesetzlicher",7
"unvollständige",2
"tragen",11
"ausschließlich",6
"zeitraum",2
"sponsoring",2
"jeweils",7
"ausweis",2
"klare",18
"überprüfung",42
"sanktionensystems",2
"beginn",3
"individuelle",5
"erst",7
"zeitpunkt",3
"fehlenden",2
"weniger",8
"beschränkt",2
"speziell",12
"aktivitäten",12
"zivilgesellschaft",18
"beteiligung",18
"börsennotierten",2
"insb",2
"staatlicher",3
"zielsetzung",10
"mitarbeiterinnen",21
"mitarbeitern",7
"effiziente",4
"qualitätsvolle",9
"sorgt",5
"rechtsfrieden",2
"ermöglicht",13
"dadurch",14
"seitens",6
"somit",7
"bekennen",7
"unabhängigen",6
"gerichtsbarkeit",3
"stetig",3
"anpassen",7
"rasch",15
"etwa",15
"voranzutreiben",4
"service",3
"auszubauen",10
"innovative",15
"weiters",10
"beschleunigung",10
"optimierung",13
"arbeitsabläufen",2
"synergieeffekten",3
"wesentliche",4
"leistungsfähigen",2
"starken",4
"lebendigen",2
"sicherheitsstandards",6
"resozialisierung",5
"gefördert",6
"darüber",19
"hinaus",20
"wissenschaftlicher",5
"erkenntnisse",9
"gesellschaftlichen",15
"wirtschaftlichen",8
"entwicklungen",9
"modernisiert",3
"strafrecht",4
"bedrohungslagen",2
"abbilden",2
"effektiv",10
"korruptionsbekämpfung",5
"opferschutz",4
"hass",9
"wirtschaftsrecht",2
"positiv",5
"tägliche",2
"wohnen",5
"leistbare",2
"mieten",3
"fairness",2
"straf",2
"maßnahmenvollzugs",4
"erforderlichen",7
"durchführen",5
"betriebs",2
"anstehende",2
"reformen",4
"unterstützung",85
"zügigen",2
"wissenschaftliche",13
"mitarbeiter",15
"sicherung",13
"behördeneigene",2
"strafrechtlichen",2
"ermittlungsverfahren",2
"ausbauen",22
"richterinnen",5
"richtern",2
"definieren",6
"ausreichenden",4
"sachverständigen",4
"erhöhen",24
"richtlinien",4
"formale",2
"psychiatrische",2
"überarbeitung",32
"dolmetscherinnen",3
"tarife",2
"finanzielle",14
"zusammenhang",14
"unternehmensservice",2
"anliegen",15
"digitaler",11
"unbürokratische",2
"digitalen",37
"plattform",10
"bereitstellung",16
"voran",3
"akteneinsicht",4
"verfahrensstand",2
"derzeitigen",9
"samt",5
"verbesserten",8
"einbringung",3
"justiziellen",3
"gericht",3
"staatsanwaltschaft",8
"fortbildung",4
"öffnung",7
"implementierung",8
"entsprechende",19
"personelle",4
"großteil",3
"unbürokratisch",4
"erledigen",2
"verpflichtende",14
"sämtliche",2
"p",8
"allfällige",6
"neuordnung",3
"novellierung",17
"geschädigten",2
"ersatz",8
"kosten",15
"falle",3
"strafverfahren",4
"weiterführung",14
"strategischen",12
"initiative",18
"aktenführung",2
"orts",2
"information",15
"verpflichtendes",3
"digitales",4
"gesamte",7
"strukturierte",6
"übersicht",2
"anträgen",2
"firmen",3
"zivilverfahren",2
"ressortübergreifende",2
"moderner",3
"justizanstalten",4
"justizwache",2
"entscheidungen",12
"automatisierte",2
"aufbereitung",2
"zurverfügungstellung",2
"anonymisierten",4
"rechtskräftigen",2
"berufsbild",2
"ordentlichen",3
"beide",2
"bundesweit",3
"vorteile",5
"systeme",4
"mitglieder",5
"vorwiegend",2
"erforderliche",5
"vollzug",2
"ergänzung",6
"richterlichen",2
"verpflichtenden",7
"stand",4
"grundsätzlich",7
"normen",4
"berufsgruppen",3
"erfahrene",2
"staatsanwältinnen",2
"familienrichters",2
"mitnehmen",2
"geeigneter",5
"attraktivierung",23
"amtes",3
"österreichweiten",6
"professionalisierung",2
"flexibilisierung",9
"transparenten",6
"objektiven",2
"prozesses",3
"anhand",10
"mitwirkung",5
"externer",4
"vorschlag",4
"ausreichende",9
"begründung",3
"erfolgen",11
"kostentragung",3
"familien",13
"heutigen",3
"unterschieden",2
"ehe",6
"partnerschaft",6
"modell",5
"zweck",7
"mitwirkungspflichten",2
"gemeinsames",4
"pensionssplitting",3
"überprüft",4
"wobei",7
"grundsätze",5
"kinder",36
"schwächeren",2
"zusammenlebens",2
"mittelpunkt",8
"überlegungen",4
"besteht",3
"folgenden",9
"punkten",5
"v",4
"kindern",12
"zweier",2
"verschiedengeschlechtlicher",2
"eingetragener",2
"maßnahmenpaket",5
"beispiele",3
"verbots",4
"unterhalt",2
"fall",4
"kinderehen",2
"festhalten",3
"verbot",11
"rechts­",2
"gesetzlichen",23
"gemeinsamer",5
"obsorge",4
"grundlegende",4
"klarere",2
"unterhaltsvorschuss",4
"besserer",3
"verfahrens",3
"zwangsweisen",2
"aufenthalt",2
"verbundenen",3
"anwendung",13
"verschiedenen",3
"notwendigkeiten",3
"klärung",8
"aufgabenverteilung",3
"polizei",23
"amtsärztinnen",2
"amtsärzten",2
"voraussetzungen",15
"vernetzung",12
"zivil",2
"strukturierten",4
"eingabe",2
"ermöglichung",13
"gmbh",3
"ag",2
"hinsicht",7
"start-ups",16
"vergleich",5
"nationaler",18
"moderne",10
"beider",3
"umwandlung",2
"vereinen",8
"genossenschaften",3
"kontrolle",12
"bäumen",2
"wälder",5
"verhindern",13
"strafprozessrecht",2
"stellung",7
"staatsanwaltschaften",2
"besonders",41
"vorgelagerten",4
"entfall",2
"berichtswesens",3
"fachlichen",3
"verkürzung",5
"kapazitäten",7
"ki",5
"system",12
"effizienteren",3
"erledigung",4
"effektiven",8
"sichern",15
"zulassung",2
"davon",5
"wksta",2
"zielgerichteten",4
"strafverfolgung",2
"sinnvoll",6
"ausbildungsoffensive",3
"wirtschafts",11
"bestmöglicher",2
"aktuelle",6
"regelmäßige",6
"repräsentative",2
"österreichweite",8
"kriminalität",9
"zusammenarbeit",91
"innenministerium",4
"bedarf",16
"polizeiliche",4
"statistiken",2
"prävention",14
"wirkungsvoller",2
"erfahrungen",5
"straftaten",2
"instrumente",17
"beseitigung",5
"geplante",3
"elektronische",3
"statistik",9
"erreichen",18
"langfristige",9
"statistischen",3
"aufarbeitung",2
"angleichung",6
"polizeilichen",4
"rechtspflegestatistiken",2
"offensive",4
"öffentlicher",17
"straftatbestände",2
"rund",3
"organisierte",3
"vorhandener",3
"arten",3
"cyberkriminalität",4
"derzeit",16
"stehenden",4
"strafrahmen",2
"organisierten",5
"hintermänner",2
"betroffene",13
"unterscheidung",2
"opfer",7
"täter",2
"staatsanwaltlicher",2
"ermittlungskompetenzen",2
"menschenhandel",11
"ausbeutung",6
"kampf",26
"umweltkriminalität",4
"zwangsprostitution",2
"strafbestimmungen",2
"umweltsünderinnen",3
"umweltsünder",2
"verbandsverantwortlichkeitsgesetzes",2
"vbvg",2
"kontrollen",9
"massiv",2
"verstärkt",24
"illegale",4
"harmonisierung",5
"illegales",3
"glücksspiel",5
"religiös",9
"motivierten",6
"politischer",8
"islam",6
"verbotsg",2
"aspekt",4
"schließen",6
"lücken",7
"strafe",2
"bedrohten",3
"verstärkter",15
"stgb",7
"schutzes",2
"höchsten",3
"schließung",7
"funktion",2
"bewerben",2
"verfolgung",8
"ergebnissen",3
"nehmen",8
"hauptverhandlung",2
"aufzeichnung",2
"einsatzes",9
"expertinnen",10
"experten",10
"behandlung",7
"antrags",2
"stpo",3
"rechtskräftig",5
"strafvollzug",7
"handlungsanleitungen",2
"elektronisch",2
"effektive",11
"insassen",7
"überregionaler",2
"unterschiedlicher",8
"erfüllung",6
"zielgerichtet",2
"primär",4
"verbüßung",2
"haftstrafe",2
"insassinnen",3
"zeitnah",4
"verurteilung",2
"technische",8
"drohnenabwehr",3
"verhalten",4
"sicherheitsüberprüfung",2
"gem",3
"dauerhaft",3
"externen",2
"vorfällen",2
"tages",2
"begegnen",7
"verstärken",5
"sicherheits",3
"angelegenheiten",2
"befassten",3
"justizministerium",3
"künftigen",3
"bewältigung",7
"ernstfall",2
"bestmöglich",15
"gewährleisten",25
"medizinischen",10
"versorgung",26
"gesetzliche",27
"krankenversicherung",2
"angehörigen",10
"organisatorischer",2
"privaten",17
"statt",11
"zeitliche",4
"ärztlichen",3
"anstalten",2
"bundesheer",16
"projekte",7
"senkung",19
"bedarfsgerechte",12
"justizwachebeamte",2
"berufsbildes",4
"betreuung",19
"neubewertung",4
"karrierewegen",2
"einschränkung",5
"bestimmte",5
"ausschluss",4
"sexual",2
"schweren",2
"gemeinnütziger",4
"maßnahmenpakets",2
"schnittstellen",4
"forcieren",17
"konsequente",12
"ausländischer",3
"heimatstaat",2
"rechtsstaatlicher",2
"bilateraler",3
"multilateraler",2
"drittstaaten",17
"instrumenten",2
"freiwilliger",11
"rückkehr",6
"einerseits",3
"andererseits",3
"medizinische",2
"rechtsgrundlagen",3
"aktuellen",11
"evaluierungen",2
"erhöhten",2
"untergebrachten",2
"genommen",3
"inner",2
"außerhalb",9
"baulich",2
"steigender",2
"weiteren",18
"zentrums",2
"gemäß",10
"fortführung",19
"sog",2
"umwidmung",2
"interne",2
"minderjährige",2
"familiärer",2
"anspruch",6
"sozialen",22
"nahraum",2
"thema",6
"berichterstattung",2
"fälle",5
"eingeführt",8
"schulungen",5
"rechtlichen",18
"bundesweiter",4
"sozialer",14
"netzwerke",2
"einsetzung",2
"ressortübergreifenden",2
"taskforce",8
"weitgehend",2
"gesetze",6
"aktuell",4
"digitale",38
"dauerhafte",3
"vereins",2
"vki",5
"ministerien",14
"größtmöglicher",3
"struktur",5
"private",19
"geeignete",5
"dauerhaften",2
"professionellen",3
"lösung",15
"konsumentinnen",8
"konsumenten",8
"berechtigten",2
"srasch",2
"geschehen",2
"eingebunden",3
"wirkt",2
"produkten",9
"obsoleszenz",2
"rl",3
"geschäftspraktiken",2
"herstellung",7
"fairer",3
"bedingungen",9
"eu-kommission",7
"vorgeschlagenen",2
"richtlinie",2
"eu-weiten",4
"qualifizierten",5
"einrichtungen",23
"erfüllen",5
"eu-richtlinie",3
"verbandsklage",2
"opt-in-prinzip",2
"niederschwelligem",2
"gleichgelagerter",2
"ansprüche",2
"verjährung",2
"musterverfahren",2
"anhängig",2
"loser-pay-principles",2
"niederschwelligen",4
"prozessfinanzierung",2
"behelfslösung",2
"österreichischer",18
"prägung",2
"inkl",22
"anwaltsfreien",2
"ausschlusses",2
"bindungswirkung",2
"urteile",2
"forderungen",2
"transparent",3
"ausgestaltet",3
"maximale",2
"obergrenze",6
"beiträge",5
"novelle",6
"insolvenzrecht",2
"verbraucherinformation",2
"basiskonto",2
"aufwerten",7
"sanierungen",4
"neubau",9
"abschluss",7
"vorrang",2
"nachverdichtung",3
"grüner",2
"neubauten",4
"verfassungsrechtliche",2
"vertragsraumordnung",2
"überführung",3
"zivilen",6
"anforderungen",13
"geförderten",3
"wohnbau",4
"bauordnungen",6
"wohnraum",4
"ökologischer",9
"besser",8
"leistbar",3
"sanierung",14
"ökologischen",11
"aspekten",2
"energieeffizienz",8
"verwendung",18
"baustoffen",3
"aufnahme",16
"pariser",13
"implementieren",3
"e-mobilität",9
"allenfalls",4
"verpflichtend",5
"15a-vereinbarung",7
"total",3
"of",17
"ownership",2
"implementiert",2
"erwerb",3
"mietwohnungen",2
"leistbarem",2
"mietkauf",3
"wesentlicher",10
"bestandteil",9
"erhöht",7
"standards",31
"zusammenwirken",6
"sozial",20
"start",4
"hypothekar",2
"weitergabe",2
"baulandmobilisierung",2
"instrument",6
"attraktiver",6
"gehören",6
"öbb",9
"dgl",3
"bauland",2
"berücksichtigen",10
"dritte",2
"per",3
"vergeben",5
"modern",2
"analyse",7
"beschlussfassung",2
"automatisierung",2
"energieeffizienzmaßnahmen",3
"beschlossen",5
"gemeinnützigen",3
"leistbarer",2
"wohnrecht",2
"abgb",2
"wbf",2
"ausgleich",2
"ökologische",18
"geschaffen",14
"legislaturperiode",5
"koordinierte",3
"mietrecht",2
"mieterinnen",3
"mieter",3
"eigentümerinnen",2
"eigentümer",2
"leistbaren",4
"führt",3
"instandhaltung",2
"sicherstellt",4
"attraktiviert",4
"unterstützen",26
"darauf",10
"bundesländer",13
"leerstand",4
"angebot",18
"wohnungen",3
"ganzjährigen",2
"worden",2
"lebenden",2
"bekämpft",5
"vermittlung",9
"auftrag",9
"weltweite",2
"kulturerbe",3
"zeitgenössische",3
"baukultur",3
"künstlerischen",2
"kulturellen",11
"bereichen",25
"besten",6
"stets",2
"künstlerische",2
"positionen",2
"wichtigen",6
"beitrag",34
"leisten",15
"gesellschaftliche",5
"klimawandel",14
"verankern",8
"entwickeln",16
"jahrzehnten",10
"internationale",38
"niveau",6
"beibehalten",6
"weltweit",9
"bestmöglichen",8
"vielfältigen",4
"freien",2
"szene",2
"planungssicherheit",10
"künstlerinnen",8
"künstler",8
"ausbildung",37
"persönlichkeitsentwicklung",2
"forciert",5
"brauchen",16
"herausragende",2
"publikum",2
"kreative",3
"kulturelle",4
"erbe",4
"morgen",6
"neben",19
"gedenkjahr",2
"bietet",9
"erfolg",5
"gleich­",3
"zweiten",6
"nationalsozialismus",2
"breiter",2
"gesellschaftlicher",3
"stehende",3
"gedenkkultur",2
"gegenwart",2
"kulturstrategie",3
"ausland",12
"partizipation",5
"kulturinitiativen",2
"kunstund",2
"entwickelt",6
"erbes",3
"gut",7
"enge",9
"abstimmung",25
"verantwortlichen",2
"bundeskanzleramt",3
"austausch",13
"heimische",11
"nachhaltiger",9
"kultureinrichtungen",2
"erfolgreichen",7
"ausrichtung",14
"bundesdenkmalamt",2
"unabhängigkeit",9
"bundesmuseen",2
"inhaltliche",5
"definierten",2
"übertragung",3
"ticketing",3
"barrierefreiheit",5
"museen",2
"eigentümervertreterverantwortung",2
"leistungsvereinbarungen",6
"kompetitiven",3
"anteilen",2
"inhaltlichen",4
"wahrnehmen",5
"schwerpunktsetzungen",4
"gedenkstätten",2
"provenienzforschung",5
"weltweites",2
"weitergeführt",2
"stattfinden",4
"etabliert",3
"bda",2
"angesiedelt",2
"infrastrukturprojekte",4
"gezielte",13
"dar",5
"sanieren",2
"wien",7
"abzusichern",2
"kulturelles",2
"hub",4
"technologie",12
"etablieren",5
"interdisziplinärer",2
"universitäten",13
"forschungseinrichtungen",7
"centers",2
"umsetzen",21
"bundesarchivgesetz",2
"urheber",6
"verwertungsrecht",2
"raumplanung",4
"leitlinien",7
"baukulturellen",2
"ländlichen",17
"raums",2
"anstalt",2
"illegalen",4
"handel",4
"digitalisierungsoffensive",2
"angemessene",2
"urheberinnen",4
"mithilfe",3
"beinhaltet",6
"verhindert",3
"stärkt",2
"ausnahmen",5
"freie",5
"richtigen",3
"regelmäßigen",6
"vertretern",7
"teilrechtsfähigkeit",2
"eigener",2
"fonds",8
"kunstuniversitäten",2
"lehramtsstudien",2
"änderung",5
"absolventinnen",5
"absolventen",5
"förderprogrammen",3
"steuerung",6
"strukturellen",3
"privates",5
"steuerliche",12
"vermittler",3
"steuerlicher",4
"kulturbereich",2
"plattformen",12
"studierenden",3
"kulturorganisationen",3
"präsentation",2
"jugendlichen",11
"bildungs",5
"ausbildungseinrichtungen",2
"digitalisierten",2
"musikschulen",4
"gesamthaften",2
"beispiel",13
"nachwuchs",3
"vorreiterrolle",4
"verschränkung",2
"preise",4
"stipendien",2
"wettbewerbe",2
"junge",3
"autoren",2
"schritt",15
"reduzierung",4
"gender-pay-gap",2
"klares",5
"profil",3
"rundfunk",5
"förderabwicklung",2
"digitalisieren",4
"förderungen",16
"nutzen",29
"altersarmut",5
"arbeitslosigkeit",5
"arbeitslosenversicherung",2
"vergleichbar",3
"dotierung",6
"förderkriterien",4
"besetzung",2
"beiräten",2
"sachlichen",3
"gesichtspunkten",3
"internationalität",2
"diversität",3
"valorisierung",3
"mehrjährigen",4
"verträgen",2
"speziellen",5
"mentoring-programmen",3
"kulturprojekte",3
"frauenförderung",2
"fördervergabe",2
"geschlechtergerechtigkeit",2
"basissubventionen",2
"gleicher",3
"bezahlung",2
"männern",6
"gleiche",6
"evaluieren",7
"gezielt",4
"u",5
"nterstützung",2
"koordination",13
"bibliotheken",4
"anschaffung",2
"lizenzen",2
"lokalen",5
"e",12
"öffnungszeiten",2
"verwertungsgesellschaften",3
"fördermittel",5
"aufsichtsbehörde",2
"flächendeckende",14
"vereinfachte",5
"konzept",7
"hunger",2
"ntwicklung",2
"unterschiedlichen",15
"parlaments",2
"ankauf",2
"jugendliche",15
"schulen",47
"döw",3
"forschungs",5
"dokumentationsstelle",2
"jahrhundert",4
"fördert",6
"sehen",8
"zentrale",17
"globalisierung",2
"reagieren",4
"technologien",15
"verändern",2
"produziert",2
"verbreitet",2
"konsumiert",2
"große",5
"antworten",2
"erfordern",2
"wettbewerb",12
"international",24
"ausgesetzt",2
"faire",7
"gleichen",3
"prinzipien",5
"gelten",4
"produzenten",3
"eigenständige",2
"dualen",6
"nichtkommerziellen",2
"sektors",4
"angeboten",5
"medialen",2
"angepasst",9
"aufklärung",7
"inhalten",4
"public",3
"value",2
"medienstandort",2
"geistigen",2
"innovativer",2
"digitalisierungsförderung",2
"geld",3
"wandel",2
"wirksame",4
"definierte",2
"desinformation",2
"wirtschaftliche",13
"medienlandschaft",2
"europäische",23
"ü",2
"berprüfung",2
"neues",3
"geschäftsmodell",2
"wiener",5
"zeitung",2
"marke",2
"bündeln",6
"gesetzes",2
"auftrags",2
"europarechtlichen",3
"besonderer",20
"schwerpunkt",15
"regionale",16
"gelegt",4
"journalistinnen",3
"journalisten",2
"produktion",6
"aufbau",20
"innovationen",12
"startups",2
"reality",2
"algorithmen",3
"artificial",2
"intelligence",2
"ai",2
"voice",2
"smart",4
"5g",4
"wettbewerbsfähigkeit",15
"relevanten",22
"verbreitung",4
"kostenlosen",2
"zukunftsfähige",5
"teilnahme",15
"digital",8
"zugänglich",9
"bewegung",5
"ganzen",3
"breite",2
"körperlichen",4
"grundkompetenzen",6
"sportliche",3
"zahlreichen",3
"verbänden",4
"optimalen",2
"spitzensportlerinnen",3
"spitzensportler",2
"olympischen",2
"spielen",5
"sports",6
"wirkungsvolles",3
"migrantinnen",6
"migranten",7
"inklusiven",2
"training",2
"behinderung",22
"traditionellen",2
"trendsportarten",2
"wichtige",12
"investition",2
"positive",7
"jung",2
"alt",2
"lernt",4
"grenzen",3
"gehört",6
"doping",4
"machtmissbrauch",2
"sowohl",13
"breitensport",4
"viele",8
"bringen",11
"leistet",4
"zusammenleben",5
"organisatorische",2
"bereiche",11
"langfristig",5
"ausgerichtete",2
"sportförderung",5
"österreichweites",4
"ökologie",5
"one-stop-shop",7
"vereinheitlichung",9
"förderrichtlinien",2
"anreiz",3
"mehrjährige",2
"führung",3
"bezahlte",3
"aufwertung",20
"neuaufstellung",2
"begleitenden",2
"technologieentwicklung",3
"sportorganisationen",2
"tertiären",6
"arbeits",4
"steuerund",3
"aufmerksamkeit",2
"green",24
"sportveranstaltungen",3
"großveranstaltungen",2
"austria",16
"gerecht",8
"mobilität",23
"klimaschutzes",6
"gremien",3
"entsprechen",7
"auszahlung",3
"optimale",3
"individuellen",6
"spitzensport",3
"breit",2
"sekundarstufe",7
"ii",5
"i",3
"bundesland",4
"verbindung",8
"angebote",15
"arbeitsplätzen",6
"ausgebildete",3
"trainerinnen",2
"bildungssystem",11
"persönliche",10
"olympia",2
"ehestmögliche",2
"täglichen",3
"bewegungseinheit",2
"integriert",2
"alltag",2
"schulischen",3
"zustands",2
"primarstufe",3
"mindestens",4
"vier",2
"gewidmet",2
"arbeitsplatz",3
"gemeinnützigkeit",4
"klären",2
"eigenverantwortung",2
"versicherungen",2
"definition",8
"sonderbudgets",2
"rolle",10
"sportstätten",2
"sämtlichen",2
"gebäude",6
"geregelten",2
"sportlerinnen",2
"sportler",2
"sportgroßveranstaltungen",2
"abgestimmten",4
"plans",2
"bewerbung",6
"effekte",3
"know-how",4
"federführung",2
"bmi",12
"stakeholdern",8
"beteiligten",5
"garantieren",5
"frauenanteil",2
"männer",7
"mädchen",11
"förderprogramme",3
"behindertensports",2
"geeigneten",7
"öbsv",2
"special",2
"teilhabe",9
"bisherigen",7
"weiterverfolgung",2
"kontingent",2
"hohen",16
"integrativen",2
"migrationshintergrund",5
"netzwerks",4
"heimischen",15
"sportvereinen",3
"zuständigen",14
"integrationsarbeit",2
"funktionierendes",3
"sichert",6
"finanz",3
"budgetpolitik",2
"fiskalische",2
"unternehmern",4
"arbeitnehmerinnen",13
"arbeitnehmern",5
"gutem",4
"vorangehen",2
"wes",3
"schafft",9
"stabile",3
"wirtschaftspolitischen",2
"abhängig",4
"zukünftigen",3
"verfolgt",7
"ökonomische",4
"dienen",5
"klimaabkommen",2
"ändert",2
"steuer",7
"abgabenstruktur",2
"abgabenquote",3
"ökologisch-soziale",2
"lenkungseffekten",2
"innovationskraft",2
"setzt",26
"veranlagung",3
"gesellschaftsrechtlichen",2
"anlageformen",3
"bürger-stiftung",3
"anreize",21
"bewegen",2
"gelingen",4
"bürger-anleihen",2
"bonds",2
"öbfa",2
"institutionelle",3
"investoren",6
"klimawende",2
"beteiligen",4
"zukünftiger",3
"vorrangig",2
"unterversorgten",2
"gebieten",3
"verbindliche",13
"fahrzeuge",8
"umstieg",6
"deutlich",8
"erleichtert",6
"stärkeres",2
"augenmerk",9
"zusätzliche",14
"ausbaus",4
"strecken",3
"strebt",4
"glücksspiels",3
"entflechtung",2
"rollen",3
"bmf",4
"abgaben",5
"gleichzeitiger",8
"oben",5
"genannten",3
"behördenstruktur",2
"kapitalmarkt",7
"financial",3
"literacy",4
"lehrpläne",9
"ergänzend",2
"pensionsvorsorge",2
"kapital",4
"arbeitgeber",5
"rechtliche",11
"pensionskassen",2
"optionalität",2
"kapitalgarantie",2
"freiwilligen",13
"vorsorge",4
"sichere",10
"anlagen",6
"berufsbegleitende",3
"partnern",9
"gesamtgesellschaftliche",4
"fortsetzung",6
"datenschutz",9
"eu-ebene",25
"reformieren",5
"wünschenswert",2
"systematik",2
"banken",7
"verluste",2
"proportionalität",2
"verhandlungen",3
"ausgearbeitet",2
"abzugsfähigkeit",2
"beratung",17
"sanierungsmaßnahmen",2
"stabilitätspaktes",2
"supporting",4
"factor",4
"tatkräftigen",2
"beschleunigen",8
"co2-neutrales",2
"wirtschaften",4
"übergang",8
"klimaneutralen",3
"eigenkapital",2
"hinterlegen",2
"krediten",2
"wertvollen",3
"vergaberecht",3
"wichtiges",6
"bestbieterprinzip",3
"angebotenen",4
"produkte",12
"erweitern",4
"bautätigkeit",2
"finanzministerium",3
"übererfüllung",2
"eu-richtlinien",2
"gold-plating",3
"gesetzen",4
"geregelt",3
"daraus",5
"begründet",3
"kreis",2
"berechtigt",2
"einheitliche",17
"bereinigen",2
"kommunikation",12
"kundinnen",3
"kunden",4
"prospektpflicht",2
"mio",6
"basierend",7
"siehe",7
"ausgedehnt",2
"regulatory",2
"prüfern",2
"wichtigsten",4
"individuelles",2
"interessen",10
"hierbei",4
"vielerlei",2
"steuersystem",6
"zuge",7
"geplanten",6
"steuerstrukturreform",3
"spürbar",4
"entlasten",10
"geht",4
"darum",3
"haushalte",3
"kleinen",3
"mittleren",5
"einkommen",6
"steht",17
"vordergrund",2
"kostenwahrheit",9
"rücksicht",3
"verträglichkeit",3
"zentrales",6
"genauswie",2
"pensionistinnen",3
"pensionisten",3
"selbstständigen",5
"positionieren",6
"berücksichtigt",12
"langfristigen",6
"breites",2
"set",2
"entlastungen",4
"bäuerinnen",4
"bauern",5
"oft",3
"vermehrte",2
"dürre",2
"landwirtschaftliche",3
"familienbetriebe",7
"entlastungsmaßnahmen",3
"umgesetzt",9
"arbeitnehmer",9
"geringen",3
"gewinn",2
"kest-befreiung",2
"ethische",4
"klarem",3
"kriterien-set",2
"begünstigung",5
"absenkung",2
"ausgedinge",2
"pv-beitragsgrundlage",2
"hauptberuflich",2
"kv-mindestbeitragsgrundlage",2
"ökosoziale",3
"erfolgreich",4
"gesamtpaket",2
"klimamaßnahmen",2
"legt",4
"standorts",4
"gezielten",8
"wirksamer",2
"künftige",2
"co2-emissionen",7
"ambitionierte",6
"energiepolitik",3
"kapitel",2
"nationale",12
"gibt",18
"handlungsbedarf",2
"angesichts",3
"drohender",2
"treibhausgasemissionen",2
"sicht",3
"angestrebten",3
"klimaschutzvorreiter",2
"vorbereiten",2
"wahlmöglichkeiten",2
"abfederung",3
"umstiegsmöglichkeiten",2
"parallel",4
"flugticketabgabe",2
"deutliche",5
"kurzstrecke",2
"mittelstrecke",2
"langstrecke",2
"anti-dumping-regelung",2
"nova",2
"ökologisieren",2
"spreizung",4
"co2-formel",2
"deckelung",2
"tanktourismus",5
"lkw-schwerverkehr",2
"massive",2
"belastung",4
"belastet",2
"unterbinden",3
"lkwmaut",2
"euroklassen",2
"dienstwagenprivilegs",2
"dienstwägen",4
"treffsicherheit",3
"klimaschädliche",2
"emissionen",4
"sektoral",2
"leitung",3
"ministeriums",2
"ökonomischen",3
"schrittweisen",2
"sektoren",9
"ets",4
"nationales",2
"ermittlung",2
"volkswirtschaftlichen",2
"inklusive",24
"konkreter",5
"planbarkeit",2
"regionaler",7
"lebensverhältnisse",2
"anreizen",7
"nachbarländern",2
"anrechenbarkeit",3
"hinweg",3
"zusammenarbeiten",2
"klimapolitik",3
"breiten",3
"konsens",2
"sonstige",3
"spendenabsetzbarkeit",3
"gemeinnützige",5
"umweltfreundlicher",3
"betrieblicher",6
"unterstützungsleistungen",5
"radfahren",4
"besteuerung",9
"tabaksteuer",2
"existenz",2
"tabaktrafikantinnen",2
"trafikanten",2
"änderungen",5
"getroffen",5
"zielsetzungen",3
"neukodifizierung",3
"beginnen",2
"steuerrecht",3
"personengesellschaften",2
"zusammenlegung",3
"einkünfte",2
"abzugsfähige",2
"privatausgaben",2
"belastungen",5
"zusammengeführt",3
"adäquaten",2
"co2-zölle",3
"binnenmarkt",4
"umweltschutz",9
"kerosin",2
"kraftstoffen",2
"schifffahrt",7
"ftt",2
"sogenannte",4
"betrieblichen",7
"schaumweinsteuer",2
"potenziale",3
"lohnnebenkosten",3
"leistungsreduktion",3
"verfahrensdauern",2
"durchführung",5
"zulassen",4
"schnellere",4
"abgrenzung",3
"sozialversicherung",8
"bundesministerium",2
"datenschutzes",8
"umsatzsteuer",2
"einkommensteuer",2
"mobile",4
"strukturelle",3
"effizientere",2
"anerkannter",2
"kmu",3
"jahr",12
"mehrere",5
"prjahr",3
"hoher",8
"verfahrensrechts",2
"verfahrensdauer",2
"kooperativen",3
"begleitende",3
"steuerbetrugs",2
"konsequent",7
"steuervermeidung",2
"effizient",4
"oecd",2
"unterstützt",21
"signifikante",4
"fortschritte",4
"national",6
"arbeitswelt",6
"exportorientierten",2
"zukunftsindustrien",2
"identifizieren",4
"wertschöpfung",13
"arbeitsplätze",8
"halten",8
"größten",6
"lebens",5
"wirtschaftens",2
"wodurch",2
"arbeitnehmervertreterinnen",2
"standortstrategie",5
"lebensqualität",5
"effizienter",4
"fachkräfteoffensive",2
"betrieben",9
"größtmögliche",2
"offenen",3
"gesamtstrategie",5
"qualifikation",8
"arbeitsmarktes",2
"ausgerichtet",3
"faktoren",2
"lebenssituation",2
"technischer",4
"lehrberufe",11
"zuerst",2
"arbeitsmarkt",24
"arbeitsmärkte",2
"eu-mitgliedstaaten",3
"verstärkten",7
"modelle",3
"berufsbildung",5
"berufsausbildungsgesetz",2
"duale",3
"ausbildungen",10
"flexi-lehre",2
"wiedereinsteigerinnen",3
"wiedereinsteiger",2
"betreuende",3
"angehörige",16
"berufsbildenden",2
"betriebliche",5
"steigern",6
"rot-weiß-rot-karte",2
"rwr-karte",5
"konsolidierung",5
"rahmens",8
"austrian",7
"business",4
"agency",5
"antragstellung",4
"straffen",3
"gehaltsgrenzen",3
"anwerbung",4
"aktive",17
"spezifischen",7
"bestimmten",4
"jahreskontingente",3
"saisonniers",3
"bedarfsgerecht",6
"arbeitsrechtlichen",3
"kollektivvertraglichen",4
"sozialpartner",7
"fti-strategie",9
"bauen",3
"erneuerbare",7
"energien",9
"mikroelektronik",2
"ausgebaut",14
"weiterentwickelt",11
"bemühungen",7
"erschließen",3
"relevante",2
"wettbewerbsvorteile",2
"internationales",3
"darin",2
"geleistet",3
"geschäftsmodelle",3
"kreislaufwirtschaft",7
"wasserstoff",7
"industrie",7
"grundlagenforschung",11
"angewandter",2
"koordiniert",2
"gewinnen",5
"deal",4
"identifikation",2
"leuchtturmprojekten",2
"lassen",4
"testen",3
"zeitlich",3
"reguläre",2
"important",3
"project",2
"common",3
"european",12
"interest",3
"batterien",3
"entrepreneurship",5
"denken",5
"freiwillige",5
"oberstufe",3
"berufsbilder",3
"lernen",5
"gesellschaftsform",3
"aufbauend",19
"gründerinnen",2
"gründer",2
"frühphase",2
"option",3
"blick",4
"behördenwege",2
"englisch",4
"flexible",7
"investorinnen",3
"behördenwegen",5
"eu-handelspolitik",3
"entwicklungsland",2
"außenwirtschaft",2
"außenwirtschaftsstrategie",2
"tritt",6
"gewicht",2
"nutzt",2
"handelsverträge",2
"weltweiten",2
"wirtschaftskammer",2
"handelsabkommen",5
"umweltinteressen",2
"sustainable",2
"development",2
"goals",2
"ministerium",2
"konferenz",3
"fortgesetzt",2
"handelspolitik",3
"abkommen",8
"einreise",2
"heimischer",5
"kommission",5
"multilateralen",5
"aktiver",4
"investitionskontrolle",2
"kritische",2
"lokale",4
"sorgen",6
"ausverkauf",2
"kritischer",2
"kommt",8
"zukunftstechnologien",4
"staatliche",6
"außenpolitik",13
"öbag",3
"wifo",2
"wahrnehmung",4
"car-sharing",2
"erneuerbaren",17
"energieträgern",2
"plan",10
"abstimmen",2
"fortschritt",5
"ansprechpartner",2
"agieren",5
"beraten",3
"bestrafen",2
"gar",4
"widersprüche",2
"relevanter",4
"arbeitsrecht",2
"verringern",4
"verwaltungsbehörden",2
"automatisiert",3
"abrufbar",3
"datenschutzstandards",3
"eingehalten",3
"lohnverrechnung",2
"player",2
"eu-vorgaben",3
"vermeiden",11
"beitrags",7
"komplexität",2
"statistische",2
"informationspflichten",2
"orientieren",3
"vergabeverfahren",2
"avg",2
"wurde",3
"seit",6
"bescheid",4
"fristen",3
"uhr",2
"ausweiten",2
"lange",4
"wartefristen",2
"abschaffen",2
"objektive",2
"kleine",5
"mittlere",4
"händlerinnen",2
"händler",2
"unnötige",2
"rückgrat",3
"verbessert",6
"vereinfachungen",3
"abgebaut",3
"wachstum",3
"hierfür",2
"risikokapital",5
"entrepreneurs",3
"geschäftsmodellen",3
"pauschalierung",2
"gruppe",6
"träger",3
"sva",2
"svb",2
"svs",3
"frühzeitige",2
"selbstständigkeit",2
"vereinheitlicht",2
"legen",4
"probleme",2
"gwg",2
"bürokratischen",4
"aufwand",2
"pauschalen",2
"erreicht",5
"prinzips",2
"reparieren",2
"gewerbe",4
"handwerk",2
"absetzbarkeit",3
"arbeitszimmern",2
"zuhause",2
"ausgeweitet",3
"analysiert",2
"berufliche",5
"unternehmensübergaben",2
"zweijährige",2
"grace",2
"period",2
"nötigsten",2
"durchgeführt",6
"übertritt",2
"regelregime",2
"stattfindet",2
"bürokratische",3
"einsteiger",2
"langzeitarbeitslose",2
"fortbildungen",3
"finanzieren",2
"kooperationsmodelle",2
"sharing",2
"economy",4
"alternative",11
"versorgungssicherheit",4
"besseren",8
"start-up",2
"zukünftig",2
"steuerlichen",3
"scheme",2
"impact",2
"entwicklungsbank",2
"genehmigungsverfahren",2
"schweiz",4
"corporate",2
"fund",8
"consulting",2
"aws",6
"ffg",4
"finanzierungsmodelle",2
"pilotprogramms",3
"derzeitige",2
"governance",6
"for",6
"projekten",2
"optimal",2
"einzusetzen",2
"zielgruppenspezifische",2
"stiftungen",3
"veränderung",5
"klimas",3
"ökonomischer",3
"schritte",6
"vorzunehmen",2
"herausforderung",3
"betrachten",3
"klimaschutzmaßnahmen",2
"bedeutet",5
"atomkraft",3
"energieträger",10
"umsetzt",2
"globale",5
"klimaschutzgesetz",3
"co2-budget",2
"klimacheck",3
"klimagerechte",4
"umbau",2
"energiesystems",3
"härtefälle",3
"transformation",2
"abgestimmt",2
"treffen",3
"tun",2
"bioökonomiestrategie",2
"sachstandsbericht",2
"ernst",3
"leichter",3
"klimaneutralität",5
"mobilitätsmanagement",3
"umstellung",7
"vorangetrieben",4
"vollständigen",3
"wertvolle",2
"hilft",2
"forstwirtschaft",10
"ebenswie",2
"abfallwirtschaft",2
"weichen",3
"hoch",3
"führenden",3
"hochwertige",8
"positioniert",5
"produktionsweisen",3
"erneuerbarer",5
"erneuerbaren-ausbau-gesetz",3
"bilanziell",3
"ökostrom",3
"wirksames",3
"energieeffizienzgesetz",3
"bedachtnahme",2
"mitte",2
"jahrhunderts",4
"energieverbrauch",2
"einschlagen",2
"climate",4
"ambitionierten",2
"unmittelbare",3
"nekp",7
"orientierung",5
"oe",5
"zielerreichung",6
"beschluss",3
"konsequentes",5
"eintreten",4
"fossile",3
"infrastrukturen",2
"verbindlichen",6
"pfade",2
"ov",5
"erankerung",3
"verpflichtender",3
"unabhängiger",4
"zielverfehlung",2
"verbesserter",2
"mechanismus",3
"ergreifen",2
"unabhängiges",2
"monitoring",8
"bodenverbrauch",2
"umfassen",2
"bundeskompetenzen",3
"begründeter",3
"signifikanten",2
"wirkung",4
"erstellt",4
"zielpfad",5
"übernimmt",2
"raumplanerische",4
"schon",7
"basierende",2
"fachplanungskompetenz",2
"abgestimmte",2
"dotierte",2
"zielgruppen",3
"energiefonds",2
"ufi",2
"zweckgebundenen",2
"wissenschaftlichen",12
"basisfinanzierung",2
"klimaneutrale",2
"dienststellen",3
"vorbildwirkung",4
"technisch",3
"veranstaltungen",2
"antriebstechnologien",2
"emissionsfrei",2
"betriebenen",2
"fahrzeugen",6
"standard",5
"verbrennungsmotoren",4
"kfz",2
"pkw",4
"sonderfahrzeuge",3
"einsatzfahrzeuge",3
"bundesheers",4
"aktualisierung",3
"aktionsplan",9
"cost",2
"tco",2
"mindeststandards",7
"kompensation",2
"verbleibenden",2
"kriterienkatalogs",2
"agenda",5
"mobilisierung",3
"privatem",2
"sanierungsoffensive",3
"ausbildungs",2
"beschäftigung",11
"zehn",2
"vereinbarung",2
"15a",2
"gebäudesektor",3
"amortisierende",2
"obersten",2
"b",6
"spezielle",3
"förderangebote",2
"lademöglichkeiten",3
"vorzusehen",4
"verbrauchsreduktion",2
"größeren",4
"sinnvolle",2
"gebäuden",4
"vorteilhafte",2
"planung",7
"bau",5
"einschlägigen",2
"flächen",9
"raumwärme",3
"kohle",4
"gas",6
"wärme",4
"kälte",2
"nah",3
"fernwärme",6
"räumen",3
"ausreichender",3
"wärmeversorgung",2
"priorisierung",2
"anwendungsbereiche",2
"grünes",3
"erarbeitet",4
"hochwertiger",3
"quantitativ",2
"anwendungen",8
"kesseln",2
"oa",6
"stufenplan",2
"öl",3
"ok",2
"ausgenommen",3
"wärmestrategie",2
"erstellen",5
"phase-out",2
"geothermie",2
"einfache",3
"begleitet",4
"dritten",4
"örderung",3
"durchschnittlichen",2
"anteils",4
"saubere",3
"strom",5
"koppelung",2
"energieversorgung",2
"twh",6
"synthetischem",2
"kennzeichnung",3
"asfinag",2
"bewertung",5
"direkten",2
"indirekten",4
"erlassen",2
"eckpunkte",2
"zieht",2
"potential",2
"orientierte",2
"aufteilung",9
"strenger",2
"kontinuierlicher",2
"pv-anlagen",4
"ausmaß",4
"darf",9
"investitionsförderungen",3
"marktprämien",2
"ausschreibungen",2
"generell",5
"auszustatten",2
"administrativ",3
"hürden",4
"bisherige",2
"eintritt",3
"leistungsbezogenen",2
"besonderem",5
"abzufedern",2
"unterschiedliche",2
"benachteiligungen",4
"erzeugungskapazitäten",2
"dezentrale",2
"direktvermarktung",2
"streichung",4
"großer",4
"energieeffizienzgesetzes",2
"kombination",4
"einsparmaßnahmen",2
"eingeschränkt",2
"wechsel",2
"darstellen",3
"notwendigkeit",2
"bundeseinheitlicher",3
"integrierten",3
"stabilen",2
"unabdingbar",2
"benötigen",2
"investitions",2
"kleineren",2
"gelder",2
"betrieb",8
"anrechnung",2
"mechanismen",4
"abkommens",2
"atomkraftwerken",2
"entgegenwirken",4
"setzung",3
"diplomatischen",2
"überprüfungen",3
"nachbarstaaten",7
"gefahren",3
"modernsten",2
"methoden",3
"verbindlicher",2
"akw",2
"entschieden",3
"uvp",2
"europaweiten",7
"laufzeitverlängerungen",2
"eu-regeln",2
"grenzüberschreitende",2
"kohleausstieg",2
"ganz",7
"einschreiten",2
"frage",3
"lagerung",2
"entgegenzuwirken",2
"integrierte",3
"schwerpunkte",16
"management",6
"alternativer",5
"synthetische",2
"treibstoffe",3
"gesamt-klimabilanz",2
"wasserstofftechnologie",2
"cluster",3
"ggf",6
"energieeffiziente",2
"open",13
"energy",4
"positionierung",11
"exportwirtschaft",3
"sektorübergreifende",2
"kreislaufwirtschaftsstrategie",2
"prioritärer",2
"chemie",2
"klimazielen",4
"circular",2
"industrieller",2
"erfordert",2
"abdeckung",2
"mehrkosten",4
"horizon",4
"europe",5
"ipcei",4
"stellenwert",3
"genießen",3
"anreizsystemen",4
"investitionsprämien",2
"mittelfristig",4
"klimaschonende",3
"carbon",2
"bioökonomie",3
"rohstoffen",3
"zugehöriger",2
"aufstockung",7
"boden",2
"biodiversität",8
"biologische",2
"anstrengungen",5
"verwertung",2
"materialien",2
"angewandten",6
"imagekampagne",2
"schulische",2
"weiterbildungsangebote",2
"transport",3
"effizientes",2
"wissen",3
"verkehrssystem",2
"verkehrssektor",3
"verlagern",2
"anteil",9
"fuß",4
"radverkehr",3
"verkehrsmittel",5
"mobility",3
"voranbringen",4
"wahlfreiheit",3
"alltäglichen",2
"gutes",7
"flächendeckendes",2
"bewältigen",2
"zeitgerecht",3
"prioritäten",2
"güterverkehr",6
"großes",2
"umweltund",2
"abgewickelt",2
"umfassend",2
"aufgestellt",2
"straßennetze",2
"fachliche",4
"mobilitätsmasterplan",4
"auszurichten",2
"fußgängerverkehr",2
"nimmt",3
"luftfahrt",8
"seilbahnwirtschaft",3
"mobilitätsdienste",2
"optimieren",3
"luft",6
"wasser",7
"schienen",2
"straßenverkehr",4
"einzelne",2
"gesamtstaatliche",3
"fungiert",2
"ausrichten",2
"mobilitätsdienstleistungen",3
"besondere",9
"attraktive",5
"ländliche",4
"gebiete",2
"infrastrukturausbau",2
"breitbandausbau",2
"garantiert",2
"vernetzen",2
"zweckbindung",4
"negativen",2
"ganztägigen",2
"urbanen",2
"bahn",8
"bus",3
"bim",3
"mikro-öv",4
"öv-mindeststandards",2
"flexiblen",3
"bringt",3
"ausfinanzierung",2
"kontinuierlichen",3
"folgender",2
"eurprtag",3
"kostengünstige",2
"studierende",6
"steigenden",2
"verkehrs",8
"aufzuwerten",2
"n",3
"park",6
"ride",5
"bike",2
"zeitgerechte",3
"benötigten",3
"priorität",3
"austrorail-tickets",2
"alter",10
"gestaffelt",2
"interrail",2
"z",2
"fernverkehr",6
"attraktiven",4
"gemeinwohlorientierter",2
"abhängigkeit",2
"angebots",4
"innerösterreichisch",2
"destinationen",4
"verkehrssicherheit",3
"radfahrens",2
"zufußgehens",2
"exekutive",9
"rechtlicher",8
"belange",2
"beeinträchtigung",2
"barrieren",4
"sicheren",10
"km",2
"h",2
"verbesserungen",2
"lkw-sicherheit",2
"verstärktes",3
"fort",9
"neuerungen",2
"toter",2
"winkel",2
"zustand",2
"verkehrs­",2
"teilnehmerinnen",2
"betreffend",5
"annäherung",3
"nachrüstung",3
"fertigstellung",2
"ballungsräumen",3
"starten",2
"benutzerfreundlich",2
"minimieren",4
"ausgehend",2
"gültigen",2
"entsprechender",5
"nahverkehr",2
"absichern",4
"usbau",3
"schieneninfrastruktur",2
"schiene",10
"s-bahn",3
"bahn-infrastruktur",2
"od",2
"ekarbonisierung",2
"busverkehr",3
"bahnhöfe",3
"mobilitätsdrehscheiben",2
"carsharing-stellplätze",2
"flächendeckender",2
"privatbahnen",4
"regional",3
"aufrechtzuerhalten",5
"grund­",2
"bedeckung",3
"vereinbarten",2
"zielnetz",2
"mittelzuteilung",3
"maßgabe",3
"schlüssel",8
"insatz",2
"organisatorischen",3
"hindernisse",2
"abzubauen",2
"transit-routen",2
"a",6
"ufrechterhaltung",2
"existierenden",2
"programme",6
"rüfung",3
"punkte",2
"infrastrukturplanung",2
"strukturierter",2
"elektrifizierung",4
"volkswirtschaftlich",2
"verlagerung",6
"güterverkehrs",2
"systempartnern",2
"weiterzuentwickeln",7
"eigenversorgung",2
"verkehrsorganisationen",2
"organisieren",2
"ow",3
"vorgaben",10
"systems",13
"integrierter",2
"lärmschutz",2
"führungs",3
"vertrag",3
"interner",2
"belasteten",4
"busflotten",2
"clean",2
"vehicles",3
"directive",2
"finanziell",7
"diesel",2
"festlegen",3
"vereinheitlichen",2
"qualitäts",6
"zufußgehen",2
"bmvit",4
"fußgängerverkehrs",2
"straßen",5
"wohn",2
"eiterentwicklung",2
"masterplans",7
"rad",2
"entwickelten",2
"masterplan",7
"aktionsprogramm",2
"begleitender",4
"unterausschuss",2
"agenden",2
"eisenbahn",2
"gelegenheitsverkehrsgesetzes",2
"jahres",4
"anbieten",4
"kraftstoffe",3
"straße",3
"beschilderung",2
"kundmachung",3
"diversen",2
"geboten",2
"möglichen",4
"sensoren",3
"messen",2
"beihilfenrecht",2
"privater",4
"biotreibstoffen",2
"forcierte",3
"tatsächlichen",4
"laufend",4
"ausstieg",5
"negativer",2
"palmöl",2
"emissionsfreier",3
"nutzfahrzeuge",2
"flotten",2
"alpenkonvention",3
"emissionsfreie",3
"s",7
"bedarfsorientierter",2
"umgehende",2
"beendigung",3
"pilotprojekte",5
"phase",3
"hersteller",3
"reduzierten",2
"güter",3
"gesamtkonzepts",2
"v.a",4
"gewerbegebieten",2
"proaktiv",2
"eu-rechts",2
"voll",2
"intelligenten",3
"laufende",10
"sommer",3
"winter",2
"ekämpfung",2
"lkw",3
"lenkungswirkung",2
"schwerverkehrs",2
"eibehaltung",2
"niederrangigen",2
"straßennetz",2
"abfahrverbote",2
"exekutivbeamtinnen",2
"pilotprojekt",4
"bedarfsgerechter",8
"sensiblen",2
"gerechte",4
"entlohnung",2
"branchen",4
"sozialstandards",2
"sdas",2
"flughafen",2
"osten",3
"flugsicherung",2
"höchster",3
"luftraums",2
"and",5
"globales",2
"mitgliedstaaten",9
"markt",2
"erforschung",2
"november",2
"drohnen",3
"adäquater",2
"flugsport",2
"potenzial",2
"interessensgruppen",2
"anzustreben",2
"ballonfahren",2
"segelflug",2
"guter",4
"frei",2
"autonomes",2
"fahren",2
"einberufung",3
"rechtsfragen",2
"einstieg",5
"intelligente",6
"ausstatten",2
"verkehrsflusses",2
"erkennen",4
"geringere",2
"wartezeiten",2
"sauberes",3
"trinkwasser",5
"böden",4
"artenvielfalt",6
"privileg",2
"bodenerosion",2
"gelöst",2
"lebensgrundlage",2
"umweltpolitik",2
"ernährung",6
"zukunftsfähigen",2
"umwelttechnologie",2
"arbeitet",2
"längere",2
"sinn",3
"langlebigen",2
"lebensmittelverschwendung",2
"ökosysteme",3
"gesunde",3
"intakte",2
"naturgefahren",3
"strukturvielfalt",2
"gesundes",2
"chemikalien",2
"erheblich",2
"jeglicher",2
"element",3
"daseinsvorsorge",3
"hochwasser",2
"gewässerökologische",2
"grenzwerte",2
"wasserqualität",4
"wasserressourcen",2
"luftqualität",3
"luftreinhalteprogramms",3
"verkehrsbedingter",2
"boden­",2
"flächenverbrauchs",2
"reparaturdienstleistungen",2
"ersatzteilen",2
"software",6
"förderprogramms",2
"design",2
"österreichisches",3
"bestimmter",2
"gastronomie",4
"wertschöpfungskette",3
"partnerschaftlicher",2
"mikroplastik",7
"lebensmitteln",7
"datenerhebung",2
"anstreben",2
"kläranlagen",2
"ausbringung",2
"klärschlamm",3
"schadstoffe",2
"phosphor-strategie",2
"phosphorrückgewinnung",2
"abdeckungen",2
"schneedepots",2
"preis",3
"verträgliche",2
"erneuerung",2
"biodiversitätsstrategie",2
"wiederherstellung",5
"freiräume",2
"zuständigkeit",2
"hochwasserschutz",4
"katastrophenhilfe",2
"mittelvergabe",2
"verstärkung",8
"klimafitter",4
"wald",4
"nitrat",3
"pestizide",2
"rechtzeitige",2
"geordneten",2
"wasserrahmenrichtlinie",2
"vorrangstellung",2
"trinkwasserversorgung",3
"kostenfreie",2
"raschen",6
"sdg",2
"ammoniak",2
"feinstaub",2
"abseits",3
"raschere",4
"anreizsystem",3
"aufträge",3
"vorbeugenden",2
"schrittweiser",4
"verbindliches",2
"einzigartigen",2
"raumordnung",2
"flächenverbrauch",2
"datenbank",2
"tag",4
"landwirtschaftlichen",3
"neuem",2
"notwendiger",3
"überregionalen",2
"achtung",2
"projektwerber",3
"umweltrechtlichen",2
"bäuerlichen",11
"hochqualitativen",3
"benachteiligten",3
"hochwertigen",3
"betriebe",16
"vorzeigemodell",2
"multifunktionalen",2
"flächendeckenden",8
"selbstversorgungsgrad",2
"bewirtschaftung",5
"agrarpolitik",4
"umweltgerechte",2
"gap-mittel",3
"finanzrahmen",2
"ergebnisorientierte",2
"gap-strategie",3
"bewirtschaftungsmethoden",2
"biologischen",4
"ausgleichszulage",3
"akteurinnen",3
"lebensmittelstandards",3
"saisonaler",2
"vermarktung",2
"community",6
"sv",3
"klein",3
"stark",5
"berichts",5
"umsatzgrenze",2
"zukünftige",5
"landwirtinnen",2
"landwirte",2
"buchführungspflicht",2
"risiken",5
"schäden",2
"forstwirtschaftlichen",3
"lebensmittel",9
"kulinarik",3
"absatz",2
"utp-eu",2
"produktionsstandards",2
"wettbewerbs",2
"wichtigste",2
"durchgängigen",2
"eu-herkunftsschutzes",2
"herkunft",2
"herkunftskennzeichnung",2
"auslauf",2
"eiweißstrategie",3
"stakeholder",8
"ages",2
"lebensmittelkompetenz",2
"verbraucherbildung",2
"gvo-freien",2
"gentechnikfreiheit",2
"europäischem",2
"krisenmanagement",2
"gentechnik",2
"unterliegen",2
"nachweis",3
"pflanzenschutz",2
"gap",7
"enthalten",3
"negative",2
"agrarumweltprogramms",2
"gap-verhandlungen",2
"eur",2
"kürzung",2
"vorgangsweise",2
"praxis",7
"begleitung",9
"öpul",2
"bio",3
"tierwohl",3
"rat",2
"öffentliches",2
"biolandbau",3
"programms",2
"maßnahme",4
"tierhaltung",2
"ausgestaltung",2
"serviceleistungen",3
"zustandes",2
"perspektiven",7
"gap-maßnahmen",2
"aktionsprogramms",2
"gap-strategieplan",2
"praxistaugliche",2
"züchtung",2
"aufbauen",2
"wirtschaftsweise",2
"strategisches",2
"vorschläge",2
"klimataugliche",2
"bildungseinrichtungen",12
"eigenständiges",2
"hochschulischen",2
"hochschule",5
"agrar",4
"umweltpädagogik",3
"schulbau",2
"verteidigung",2
"bilateralen",4
"strengere",2
"anbau",2
"lebensmittelsicherheit",2
"t",6
"haltung",4
"tiertransporten",3
"handhabe",3
"basierenden",2
"digitalisierungsstrategie",2
"autonome",3
"geräte",2
"wirtschaftsfaktor",2
"fördermaßnahmen",6
"stufenweiser",2
"aktionsplans",11
"bauernhof",2
"zentrum",3
"nachmittagsbetreuung",2
"care",2
"ärzten",2
"gesichert",2
"tourismusbetriebe",4
"urlaub",4
"tourismusbranche",5
"ort",28
"touristischen",3
"dennoch",2
"permanenten",2
"bedürfnisse",3
"gäste",2
"bild",2
"gefahr",2
"profitieren",3
"verantwortungsvollen",3
"tourismusstandorts",2
"tourismuspolitik",2
"ergänzt",3
"umsetzungsschritte",2
"veränderungen",4
"dynamischen",2
"umfeld",2
"research",2
"dimension",3
"gesamten",5
"öw",4
"tourismusstrategie",2
"stichwort",2
"overtourism",2
"werbung",2
"schwerpunktsetzung",4
"touristische",3
"problemlösung",2
"sektorübergreifenden",2
"data",7
"hotel",2
"tourismusbank",2
"öht",2
"vereinbarkeit",8
"laufenden",4
"hotels",2
"folge",3
"mittelbetriebe",2
"expertengruppe",2
"tourismuswirtschaft",3
"ganzjähriger",2
"oesterreich.gv.at",2
"unterkünfte",2
"tatsächliche",2
"familiären",2
"schulsportwochen",2
"schulveranstaltungen",5
"unmittelbaren",2
"qualitätsvoller",2
"unterstützungsangebote",4
"konzepte",3
"stärkerer",2
"fachkräftemangels",2
"adaptierung",2
"weiterbildungsmaßnahmen",3
"berufsausbildung",5
"ganztägiger",5
"kinderbetreuung",7
"vermehrt",2
"führungspositionen",2
"schulung",2
"welthandel",2
"globaler",4
"alleine",2
"einzubringen",2
"solidargemeinschaft",2
"freiheit",5
"zusammenhalt",4
"subsidiarität",2
"rechnung",3
"akteurin",2
"verlässlicher",3
"partner",4
"sitz",3
"multilateralismus",3
"völkerrechts",2
"abrüstung",3
"atomwaffen",3
"minderheiten",6
"antizionismus",2
"partnerländern",2
"humanitäre",3
"hilfe",16
"krisenregionen",7
"augenhöhe",2
"entwicklungspolitische",2
"bildungsarbeit",3
"lösen",2
"ausnahmslos",2
"beitreten",3
"vollständig",2
"erfüllt",3
"mehrwert",2
"widmen",2
"grundvoraussetzung",4
"gegeneinander",2
"tendenzen",2
"multilaterale",2
"vertiefung",3
"regelbasierte",2
"einstufung",3
"china",2
"fordern",2
"kontrollmöglichkeiten",2
"anschubfinanzierung",2
"technologische",2
"forschungsförderung",4
"rechte",4
"sozialdumping",2
"akteuren",2
"internet",5
"dinge",2
"cybersicherheit",5
"vollendung",4
"nachteiliger",2
"umweltbereich",2
"engagiert",2
"compact",2
"krisenprävention",2
"konfliktlösung",2
"außengrenzschutz",3
"frontex",3
"transit",4
"herkunftsländern",4
"unhcr",8
"frühwarnsystem",3
"sonderbeauftragte",3
"sonderbeauftragter",3
"eu-außengrenze",2
"schlepperei",9
"vorgehen",6
"staaten",6
"arbeitszeit",4
"lohn",6
"netzwerk",2
"kosovo",2
"vereinten",6
"nationen",6
"spricht",2
"intensiven",2
"westbalkan-staaten",3
"beitrittsverhandlungen",2
"hard",2
"brexit",4
"beziehung",2
"vereinigten",2
"informationsaustausch",3
"koalitionspartner",4
"bundeskanzleramtes",2
"zivilgesellschaftliche",4
"annahme",2
"engagierten",3
"neutralität",4
"bmeia",3
"beiziehung",2
"ratifizierung",3
"anstehender",2
"handlungen",2
"ngos",3
"sicherheitsforschung",3
"mediation",2
"menschenrechtsschutz",2
"dialogs",4
"ideologien",2
"integraler",3
"landesregierungen",2
"un-menschenrechtsrat",2
"un",4
"on",2
"the",2
"un-sicherheitsratsresolution",2
"todesstrafe",2
"folter",2
"israel",4
"grüne",3
"diplomatie",3
"forums",2
"steuerungsgruppe",2
"systematischer",2
"auslandskulturpolitik",2
"außenpolitischen",2
"komplexen",2
"bewährten",2
"beziehungen",3
"russland",2
"südtirol",2
"gelungenen",3
"gespräch",2
"bemühen",2
"vertreterinnen",5
"deutsch",8
"schrittweise",4
"ukraine",2
"gesamtstaatlichen",10
"partnerschaften",2
"einschränkungen",2
"eu-zukunftspakt",2
"afrika",4
"internationalem",3
"amtssitz",2
"un-sicherheitsrat",2
"vienna",2
"umfassendes",4
"menschenrechten",2
"entwicklungspolitik",3
"kräfte",2
"attraktivität",3
"kaiciid",3
"anbindung",2
"professionelle",2
"umfassender",3
"digitalisierungsmaßnahmen",2
"vertretungsbehörden",5
"entsendung",2
"rechtsgrundlage",2
"geänderte",2
"einsätze",4
"wkö",2
"primat",2
"entwicklungszusammenarbeit",3
"eza",4
"lebensperspektiven",6
"entwicklungspolitischen",2
"ada",2
"treffsichere",2
"handels",3
"humanitären",4
"grundprinzipien",2
"gleichberechtigte",2
"thematische",2
"auslandskatastrophenfonds",2
"bi",2
"prinzip",8
"korruption",2
"fokussierung",3
"transitländern",2
"begehung",2
"gewaltschutz",7
"weibliche",2
"genitalverstümmelung",2
"querschnittsmaterie",2
"oeeb",2
"organisationsstruktur",2
"armut",9
"bankgarantien",2
"arbeitsmigration",2
"asylpolitik",2
"verankerten",3
"genfer",3
"flüchtlingskonvention",2
"konvention",2
"fest",2
"flucht",2
"migrationsursachen",2
"menschenrechtskonformer",2
"qualitativ",12
"asylverfahren",9
"migrationsstrategie",6
"geordnete",2
"qualifizierte",4
"rückübernahmeabkommen",2
"begreifen",3
"ständigen",2
"verteilt",2
"antragsteller",2
"informieren",2
"bezirkshauptmannschaften",2
"akzeptiert",2
"arbeitgeberinnen",3
"online",2
"antragstellende",2
"persönlichen",6
"visum-ausstellung",2
"qualifikationsüberprüfung",2
"post",2
"fachkräfte",5
"aufenthaltsbewilligung",2
"visum-verfahren",2
"monat",2
"bürokratischer",2
"merkmale",2
"spätere",3
"heimatland",3
"krise",2
"außengrenzschutzes",2
"herkunfts",4
"verteilung",5
"asylwerberinnen",7
"asylwerbern",6
"gescheitert",2
"verteilungsregeln",2
"funktioniert",2
"hilfsmittel",4
"herkunftsländer",3
"zurückgebracht",2
"datenschutzrechtlicher",3
"operative",3
"schwierigkeiten",2
"organisierter",4
"polizeiausbildung",3
"office",2
"ermittlungen",2
"anreizsystems",2
"führungskräfte",2
"menschenhandels",2
"zwang",2
"transnationaler",2
"umfasst",9
"aufklärungsarbeit",3
"zielländern",2
"betroffener",2
"resilienz",5
"europarates",2
"asylverfahrens",2
"rechtsstaatlichen",5
"entspricht",2
"abbauen",2
"zwangsweiser",2
"außerlandesbringung",2
"menschenrechtlicher",2
"rückführung",2
"iom",2
"schnelle",2
"bbu",2
"vertreter",2
"externe",3
"erster",2
"zweiter",3
"instanz",6
"vorzubereiten",2
"rechtsberatung",3
"flüchtlinge",2
"umf",2
"jugendhilfe",2
"instruments",2
"betreuungs",4
"dolmetschleistungen",2
"angehoben",4
"vulnerablen",3
"anwesenheit",2
"asylwerber",2
"negativem",2
"ausweise",3
"asylberechtigte",3
"kompetenz",6
"qualitätskontrollen",2
"erstbefragung",2
"audiovisuellen",2
"einvernahme",2
"dolmetschern",3
"qualitätsvollen",6
"bund-länder-vereinbarung",4
"drittstaatsangehörigen",2
"rechtssystem",3
"deutschkurse",2
"swie",2
"verankert",4
"versucht",2
"einvernehmen",3
"hergestellt",3
"koordinierungsausschuss",2
"zwingend",2
"gesetzesvorhaben",2
"parlamentarischen",2
"religiösen",3
"humanismus",2
"gegenseitiger",2
"wertschätzung",3
"rechten",2
"gelungene",4
"verfassungsmäßig",2
"geltender",2
"demokratische",2
"liberalen",2
"wahrzunehmen",2
"gesundheitsversorgung",3
"parallelgesellschaften",3
"grundsatz",3
"fordert",2
"wechselseitiger",3
"bereitschaft",3
"offene",3
"zuwanderinnen",3
"verweigerung",2
"mehrsprachigkeit",3
"auszubilden",2
"fähigkeiten",6
"erachtet",2
"partnerinnen",4
"integrationskoordination",2
"integrationsmaßnahmen",6
"integrationsfonds",4
"öif",5
"drehscheibe",2
"kompetenzzentrum",3
"lehr",4
"ams",15
"generieren",2
"wissenschafts",2
"gesamtheitlichen",3
"sozialleistungen",2
"institutionenübergreifenden",2
"persönlichkeitsrechte",3
"verbindlichkeit",4
"stellt",8
"gesundheitssystem",6
"diversitätskompetenz",2
"health",3
"sensibilisierung",3
"frauengesundheit",7
"psychischen",4
"multiplikatorinnen",5
"weiterbildungsmöglichkeiten",2
"kinderbetreuungsmöglichkeiten",2
"deutschkenntnisse",4
"pflichtschule",3
"nachholen",2
"erwachsenenbildung",7
"basisbildung",2
"sprachförderung",6
"erziehung",2
"schullaufbahn",2
"elementarpädagogischen",4
"interkulturelle",3
"support",3
"unterstützungspersonal",3
"schulsozialarbeit",3
"schulpsychologie",3
"bildungskapitel",2
"deutschförderung",4
"vergleichenden",2
"kohortenspezifischen",2
"allfällig",2
"deutschförderstunden",2
"gruppengrößen",2
"islamischen",6
"frau",2
"staatskunde",2
"kontinuierliche",2
"lehrer",5
"religionsunterricht",5
"entfaltung",2
"kindes",4
"schule",13
"pädagogischer",4
"orientierten",2
"schulaufsicht",3
"aufsicht",2
"religionsunterrichts",3
"bildungsministerium",2
"kultusamt",2
"problematische",2
"pädagogischen",18
"bildungssystems",5
"motivierte",2
"lehrende",4
"präventionsunterrichts",2
"mittelschule",3
"präventionsbeamtinnen",2
"betreuungskonzepts",2
"gewaltbereiten",2
"schülerinnen",17
"schülern",5
"cool-down",2
"time-out",2
"phasen",2
"psychosoziale",2
"privatschulen",4
"schülerheimen",2
"einflüssen",2
"bildungsorten",2
"eltern",16
"bildungskarriere",2
"nicht-erfüllung",3
"aufwachsen",2
"pflichten",2
"jungen",4
"lebensjahres",2
"bildungsweg",5
"subsidiär",2
"arbeitslose",2
"lehre",15
"regelmäßiger",3
"perspektive",2
"asylberechtigten",3
"kriterienkatalog",3
"qualifizierung",4
"fit",2
"nostrifizierungen",2
"säule",3
"zuwanderer",2
"präventive",6
"bildungsbereich",5
"früh",2
"abdriften",2
"milieus",4
"strategien",2
"diskriminierung",5
"friedlichen",2
"sicher",2
"bürgerorientierte",2
"naturkatastrophen",5
"cyberbereich",2
"personell",2
"begonnene",2
"personaloffensive",4
"fühlt",2
"garant",2
"polizeilicher",2
"befugnisse",3
"arbeitsbedingungen",5
"grundlegendes",2
"menschliches",2
"bedürfnis",2
"benötigt",2
"polizeiarbeit",2
"dokumentation",2
"wiedereinführung",2
"sicherheitspolizeilichen",2
"extern",2
"sicherheitsverwaltung",2
"neustadt",2
"fachhochschulen",6
"relevanz",2
"beratenden",2
"verwaltungsakademie",2
"beamten",2
"e2a",2
"polizistinnen",2
"verfassungskonformen",2
"assistenzleistungen",2
"vernehmungsmethoden",2
"etwaiger",2
"qualitätsstandards",5
"sprachliche",2
"misshandlungsvorwürfen",2
"polizeibeamtinnen",2
"polizeibeamte",2
"behörde",2
"ausgestattet",4
"sicherheitsbehörden",2
"verpflegung",2
"versammlungen",2
"verlegung",2
"polizeiinspektionen",3
"beseitigen",3
"barrierefrei",2
"geschaffenen",2
"aufgabenbereiche",2
"cybercrime",3
"it-spezialistinnen",2
"cyber",6
"studium",4
"institutionellen",2
"best-practice-beispielen",3
"mobilen",3
"datenschutzbestimmungen",2
"security",2
"dg",2
"überwachung",4
"gläserner",2
"präventionsprogrammen",4
"fallkonferenzen",4
"gewaltschutzzentren",3
"interventionsstellen",3
"einzelfall",2
"vernetzten",2
"hochrisikofällen",2
"gewaltprävention",3
"gesamtgesellschaftlichen",2
"sozialwissenschaftlichen",2
"härteren",2
"lücke",4
"geschlossen",4
"ansatz",2
"rd",2
"delikte",3
"reaktion",2
"standardisierten",6
"begleiten",2
"bundesamtes",2
"verfassungsschutz",2
"terrorismusbekämpfung",2
"bvt",4
"rechtsextremismus",7
"gruppenbezogene",3
"menschenfeindlichkeit",3
"präventions",2
"berufsschulen",2
"rechtsextremismusprävention",2
"aktueller",2
"kompetenzstelle",2
"rechtsextremer",2
"schnittstelle",8
"multiplikatoren",3
"lebenswelten",2
"bildungssektor",2
"sozialarbeit",2
"staatlich",2
"bericht",2
"interoperabilität",2
"cyberlagezentrum",2
"schüler",13
"unterrichts",5
"besuchen",2
"bunderegierung",2
"zivildienstes",3
"neutrales",2
"einsatzfähigkeit",2
"bundesheeres",4
"zivildienst",3
"katastrophenmanagement",2
"sicherheitsgarantie",2
"sicherheitspolitik",3
"heer",4
"allgemeinen",3
"übungstätigkeit",2
"milizsoldaten",2
"miliz",2
"talente",3
"soldaten",2
"militärischen",4
"kasernen",3
"schul",2
"selbstversorgungsfähigkeit",2
"kosteneffiziente",2
"öbh",5
"attraktiv",2
"stellungsstraße",2
"grundwehrdienstes",3
"gesundheitsvorsorge",2
"vorsorgeuntersuchung",2
"passenden",3
"kernkompetenzen",3
"fokussieren",2
"katastrophen",2
"eigenständigkeit",2
"defense",4
"ausrüstung",2
"schwere",3
"hybride",2
"luftraumüberwachung",2
"bildungsund",2
"eingeleiteten",2
"auslandseinsätze",2
"assistenzeinsätze",2
"etwaige",3
"informationsweitergabe",2
"zivilschutzes",3
"vorzubeugen",2
"krisensituationen",2
"blackout",2
"verschiedene",2
"szenarien",2
"sms",2
"erwerbsleben",9
"oftmals",3
"ausgrenzung",2
"lich",2
"an­",2
"löhne",8
"geraten",2
"gezahlt",3
"niedrigsten",3
"kollektivvertragslöhnen",3
"gewerblichen",3
"erforderlichenfalls",3
"lückenschluss",4
"bundeseinigungsamt",6
"kollektivverträge",3
"mehreren",3
"sozialpartnerschaftliche",3
"einigung",3
"problems",3
"zustande",3
"herbeizuführen",3
"zeichnet",2
"sozialsystem",2
"konnten",2
"kinderarmut",2
"kind",5
"zurückgelassen",2
"alleinerziehende",2
"lebenslagen",2
"familienbonus",2
"erwerbstätigen",2
"erwerbsphase",2
"zahlreiche",2
"fraueneinkommen",2
"pension",6
"frauenaltersarmut",2
"mindern",2
"partnerschaftliche",5
"elternteilzeit",3
"pensionssplittingmodelle",2
"niedrigen",2
"casemanagement",2
"sozialhilfebezieherinnen",2
"bezieher",2
"regelpensionsalter",2
"pensionsversicherungsanstalt",2
"sozialministeriumservice",2
"supportpersonal",3
"schulisches",2
"psychosozial",2
"aufstocken",2
"pädagoginnen",10
"pädagogen",21
"unterricht",5
"konzentrieren",2
"ausgewählten",4
"schulentwicklungsplan",3
"maßgeschneiderter",2
"unterstützendes",4
"assistenz",6
"administratives",2
"titel",4
"unterstützungspersonals",2
"schulleitung",3
"bildungsdirektion",2
"dienstrechtlich",2
"bildungsdirektionen",7
"anzudocken",2
"teams",2
"verwaltungsvereinfachung",2
"anstellung",2
"supportpersonals",2
"personalagentur",2
"bedarfsorientierten",3
"standorten",2
"geholfen",2
"workshops",3
"ausflüge",2
"abzudecken",2
"gespeist",2
"anfang",2
"stützen",2
"pilotprogramm",2
"entwickelnden",2
"entwicklungsindex",2
"infrage",2
"ursachenanalyse",2
"schulpartner",2
"lösungsvorschläge",2
"bildungserfolge",2
"vif-konformen",2
"elementarer",3
"bildungsplätze",2
"kinderkrippen",2
"3-jährige",2
"barcelona-ziele",2
"betriebskindergärten",2
"kindergruppen",2
"zweckzuschuss",3
"elementarpädagogik",13
"kindergartenjahr",3
"pädagogische",2
"konzeption",2
"ferienangeboten",2
"österreichweit",7
"angebotsumsetzung",2
"schwerpunktkurse",2
"praxiswochen",2
"unternehmenswochen",2
"sprach",2
"kulturangebote",2
"gestaffelten",2
"beiträgen",2
"bildungsplätzen",2
"betreuungsschlüssel",2
"startet",2
"elementarpädagoginnen",7
"berufsbegleitenden",3
"kollegs",4
"förderbedarf",6
"volksschule",2
"neuerlichen",2
"förderwürdigkeit",2
"schulreifescreening",2
"ferienbetreuung",4
"sommerunterricht",2
"förderstunden",5
"nachmittag",2
"schulformen",5
"unverschränktes",2
"verschränktes",2
"bildungsberatung",2
"talentechecks",2
"14-jährigen",2
"einführen",5
"datenrechte",2
"elternarbeit",2
"mama",2
"bundes-zielsteuerungskommission",2
"niederschwelliger",4
"qualifikationen",2
"satellitenkontos",2
"sichtbar",2
"unbezahlte",4
"familienarbeit",6
"freiwilliges",2
"fsj",3
"kostenlose",2
"teilnehmer",2
"trägerorganisationen",2
"pflegebedürftigkeit",4
"krankheit",2
"pflegegeld",2
"finanzierungsströme",2
"pflegeversicherung",2
"meistern",2
"mensch",3
"allein",2
"zusammenspiel",2
"pflege­",2
"pflegebedürftigen",3
"zugehörigen",2
"pflegenden",6
"gesundheitliche",4
"young",2
"carers",2
"pflegende",11
"pflegefreien",2
"beruf",9
"personellen",2
"krankheiten",2
"vielen",2
"schwierigen",2
"pflegebedürftige",2
"palliativpflege",2
"gesundheits",6
"gesamthaft",3
"rehabilitation",10
"gesunden",3
"sviel",2
"wohnortnahe",4
"pflegender",3
"angehöriger",3
"wohnortnahen",2
"case",2
"karenz",2
"vereinbaren",2
"demenzstrategie",2
"geschultes",2
"ambulante",4
"nurses",5
"therapien",2
"lebensjahr",4
"chronischen",2
"erkrankungen",2
"selbstbestimmtes",5
"arbeitsmodelle",2
"länger",2
"automatische",2
"pensionsversicherung",2
"auva",2
"pflegevorsorge",2
"bund-länder-zielsteuerungskommission",2
"krisenpflegeeltern",3
"pflegeeltern",2
"pflegekinder",2
"beruflichen",4
"bhs",3
"gukg-novelle",3
"kompetenzausweitung",2
"ambulanten",5
"krankheitsfall",2
"qualitätszertifikats",2
"opcat",2
"agenturen",2
"erhöhter",3
"informationsplattform",2
"zwecken",2
"pensionssystem",4
"familienund",3
"betreuungsarbeit",2
"selbstbestimmung",3
"pensionsalter",2
"pensionsantrittsalter",3
"gesund",2
"sozialversicherungsträgern",3
"klientinnen",3
"gesundheitsinteressen",2
"frühzeitig",4
"ausscheiden",2
"teilzeitrechner",2
"partnerschaftlicheren",2
"darstellung",2
"kez",2
"zusammengerechneten",2
"beitragsgrundlagen",2
"elternteile",2
"gutschrift",2
"pensionskontzu",2
"zielgerichtete",2
"betreiben",3
"passende",2
"anzubieten",2
"klientenorientiertes",2
"beruflicher",4
"rehabilitationsmaßnahmen",5
"case-management",3
"arbeitsund",2
"jedoch",2
"wiedereinstieg",2
"erwerbsarbeit",4
"sozialökonomische",3
"transition",3
"umorientierung",3
"arbeitsmarktpolitik",2
"beschäftigungsanreize",2
"curricula",4
"vermitteln",2
"freizeit",3
"matura",2
"unterstützungsmaßnahmen",2
"förderungsbedarf",2
"lehrlingsausbildung",4
"lehrstellen",2
"bildungswegen",3
"berufsorientierung",3
"modularisierung",5
"meister",2
"sozialpartner-einigung",2
"abgesichert",4
"beschäftigungsangebote",2
"eingliederungsbeihilfe",2
"kurzarbeit",2
"arbeitsstiftungen",2
"zielgruppe",2
"evidenzbasierte",4
"geldleistungen",2
"stunden",2
"kombiniert",2
"arbeitnehmerschutz",2
"entgeltfortzahlung",3
"versicherten",3
"gesundheitsbereich",3
"ärztinnen",3
"versorgungsformen",2
"inanspruchnahme",2
"patientinnen",2
"patienten",2
"gesundheitsberufe",2
"sozialberufe",2
"ärzte",2
"vertragsarztmodelle",2
"qualifiziertes",2
"ärztlich",2
"fachärztin",3
"facharzt",3
"allgemeinmedizin",4
"gender-medizin",2
"medizinstudium",3
"gesundheitsförderung",2
"österreichern",2
"e-card",2
"diagnose",2
"medizinischer",2
"früher",2
"hilfen",2
"school",2
"vorsorgeuntersuchungen",3
"impfungen",4
"mutter-kind-pass",2
"eltern-kind-pass",2
"qualitätsgesicherten",3
"screenings",2
"heilbehelfe",2
"therapieoptionen",2
"assistenten",3
"befristete",2
"ärzteausbildung",2
"stationären",3
"niedergelassenen",2
"vorgesehenen",2
"nap",4
"alters",2
"väterkarenz",3
"papamonat",3
"betroffen",2
"opferschutzeinrichtungen",2
"frauenhäusern",2
"übergangswohnungen",2
"gewaltpräventionsprogramme",2
"gefährder",2
"ma",3
"frauenquote",2
"teilzeit",3
"zeitverwendungsstudie",2
"vs",2
"familienkosten",2
"kinderkosten",2
"studie",4
"niederschwellige",2
"lebensbereichen",4
"gleichbehandlungskompetenzen",2
"pflichtlehrveranstaltungen",2
"barrierefreie",2
"teilnehmen",2
"speziellem",3
"regelunterricht",3
"einbezogen",3
"sonder",3
"pädagogik",2
"wimmer",5
"assistentinnen",2
"beschäftigungsoffensive",2
"zugangshürden",2
"schnittstellenbereich",2
"taschengeld",2
"inklusionsfonds",2
"bildungswege",2
"bildungsangebote",3
"hierzu",3
"netzwerken",2
"zunehmend",2
"familienbeihilfe",3
"berufseinstieg",2
"schülerfreifahrt",2
"ressort­",2
"kinderbetreuungseinrichtungen",3
"beherrschen",4
"kreativität",2
"elementaren",3
"bafep",2
"quereinsteigerinnen",3
"quereinsteiger",2
"bildungsziele",2
"hochschulen",21
"lehrkräften",2
"kindergarten",3
"individualisierten",2
"kompetenzfeststellung",3
"lenkungsmaßnahmen",2
"status",3
"pädagoginnenbildung",3
"unterrichtsprinzip",2
"fach",2
"begabungen",4
"schultypen",2
"bildungspflicht",3
"reife",3
"mathematik",3
"fächern",2
"schulstufe",7
"serviceportal",2
"lehrerinnen",4
"endgeräte",3
"ahs",2
"pflichtschulen",2
"schulinterne",2
"zeitweisen",2
"pädagogin",2
"spezieller",2
"fortund",2
"teilen",2
"zahl",2
"konsolidierten",2
"innovationsstiftung",2
"oead",3
"sexualpädagogik",2
"qualitative",3
"individualisierung",2
"ausbildungsplätze",2
"auslandsschulen",2
"lehrkräfte",3
"werten",2
"schülerheime",2
"gesellschaftlichem",2
"schulnachricht",2
"klasse",2
"allgemeinbildung",3
"bedarfsorientiert",2
"akademie",2
"lehrlinge",2
"mint",3
"master",2
"lebensbegleitendes",2
"neufassung",2
"erworbene",2
"finanzierungs",2
"studienbedingungen",2
"studienrecht",2
"hochschulsektor",2
"studienwahl",3
"fachhochschulsektor",2
"klimaoffensive",2
"spitzenforschung",2
"wissens­",2
"exzellente",2
"universitätsfinanzierung",2
"karriereentwicklung",3
"ug",2
"wissenschafter",4
"exzellenz",2
"senior",3
"hochschulbereich",2
"außeruniversitären",2
"studienrechts",3
"uniko",2
"öh",2
"eingerichtet",2
"fachspezifische",2
"ects-punkte",2
"studienberatung",2
"studieneingangsphase",2
"ph",2
"fachhochschulsektors",2
"leistungsvereinbarung",3
"internationalisierung",2
"wissenstransfer",7
"inhaltlich",2
"government",2
"wissenschafterinnen",3
"forschungspolitik",2
"forschungspolitischen",2
"ressort",2
"fti-pakt",2
"forschungsinfrastrukturen",3
"fwf",4
"cdg",3
"christian",2
"doppler",2
"forschungsgesellschaft",2
"lbg",2
"ludwig",2
"boltzmann",2
"forschungsfelder",2
"comet",2
"öaw",3
"ist-a",2
"klimaforschung",2
"fair",3
"science",3
"großforschungsinfrastruktur",2
"mitgliedschaften",3
"teilnahmen",2
"infrastructure",2
"fragestellungen",2
"netzpolitik",2
"regulativer",2
"technologieneutrale",2
"breitband-versorgung",2
"breitbandstrategie",2
"hardware",3
"durchgängige",2
"amt",2
"interaktion",3
"bereichsspezifischen",3
"bürgerdaten",3
"verwaltungsprozesse",2
"brz",3
"ethischen",3
"einheitliches",2
"digitalisierungsagentur",2
"usp",2
"bundesinstitutionen",2
"source",2
"blockchain-technologie",2
"kryptowährungen",2
"blockchain-bereich",2
"innovationsfördernde",2
"quantum",4
"communication",2
"technikfolgenabschätzungen",2
"privatsphäre",2
"ki-strategie",3
"ki-entwicklung",3
"maschine",2
"istock.com",5
